{"css":"","framework":"duck-10.0.0","title":"Bantuan Terminal","build_id":"57589778680ce29c05fb6e7d","icon":"..\/SharedGlobalArt\/AppIconDefault_Terminal.png","sections":{"trml6dee242c":{"name":"Menggunakan otomatisasi dan skrip","children":["apd53500956-7C5B-496B-A362-2845F2AAB4BC","apdD100908F-06B3-4E63-8A87-32E71241BAB4","apdC6C1077B-5D5D-4D35-9C19-60F2397B2369","apdD556274B-9CC9-4764-BBA8-87610A745747","trml1003","trml11513"]},"trml2a13d2ad":{"name":"Bekerja di jendela Terminal","children":["apd5265185D-F365-44CB-8B09-71A064A42125","apdB66B5242-0D18-49FC-9C47-A2498B7C91D5","apd3CF6FE02-3EC8-48F1-951F-866E52955FC8","apd1DBE647B-7E11-49DC-AA76-89AA7E53CE36","trml1001","trml106","trml15652"]},"trml2d2340ac":{"name":"Menggunakan profil","children":["trmlbe278009","trml5856b1f2","trmlb20c7888","trml107","trml20912","trml15233","trml4299c696"]}},"birdseed_version":5,"toc":["trml11412","trml2a13d2ad","trml2d2340ac","trml6dee242c","trmlshtcts"],"locale":"id","version":"10.12","enable_tracking":false,"source_schema":"apd-schema","platform":"mac","build_date":"2016.06.08-15:29:35","landing":"trml35501","product":"terminal","urls":{},"copyright":"","show_previous_next":false,"topics":{"apd53500956-7C5B-496B-A362-2845F2AAB4BC":{"name":"Mengenai skrip shell","searchName":"Mengenai skrip shell"},"trmlbe278009":{"name":"Membuat dan mengelola profil"},"apdA3571AFE-48E3-4B52-BEC9-5D80327F2063":{"name":"Memanipulasi variabel NVRAM firmware"},"apd7D247A89-3560-4C3B-A471-3E66FF607040":{"name":"Mulai ulang komputer"},"trml15233":{"name":"Membatasi jumlah baris yang ditahan dalam sesi","searchName":"Memodifikasi banyaknya teks yang ditahan di jendela Terminal"},"trml35501":{"name":"Bantuan Terminal","href":"trml35501.html","categories":["landing"]},"apd5265185D-F365-44CB-8B09-71A064A42125":{"name":"Mengakses shell","searchName":"Mengakses shell dengan app Terminal"},"trmlb20c7888":{"name":"Membuka jendela dan tab","searchName":"Membuka jendela dan tab terminal"},"trml15226":{"name":"Mengubah kursor","searchName":"Mengubah kursor di Terminal"},"apdB66B5242-0D18-49FC-9C47-A2498B7C91D5":{"name":"Menjalankan perintah dan alat"},"trml6909054d":{"name":"Masukkan kata sandi di jendela Terminal","searchName":"Masukkan kata sandi di Terminal"},"trml4299c696":{"name":"Mengimpor dan mengekspor profil","searchName":"Mengimpor atau mengekspor pengaturan Terminal"},"trmlc69728a5":{"name":"Mengizinkan pelaporan tetikus","searchName":"Nyalakan Pelaporan Tetikus di Terminal"},"trmlkbrd":{"name":"Preferensi papan ketik","searchName":"Panel papan ketik preferensi Profil di Terminal"},"trml20912":{"name":"Mengatur peringatan audio atau visual","searchName":"Mengatur peringatan audio atau visual di Terminal"},"trml15228":{"name":"Mengubah judul yang ditampilkan di jendela Terminal"},"apdBC6514EB-E106-4415-94E6-E71192085BC5":{"name":"Melihat konten file"},"apd1DBE647B-7E11-49DC-AA76-89AA7E53CE36":{"name":"Mengalihkan input dan output"},"trml5856b1f2":{"name":"Menentukan profil default dan profil mulai"},"trml135fbc26":{"name":"Menggunakan tanda dan penanda"},"apd8A205299-1C4C-4845-902A-6190E132B006":{"name":"Mencari teks di file"},"trml11412":{"name":"Tinjauan Terminal"},"trmld1f46097":{"name":"Menampilkan atau menyembunyikan layar alternatif"},"trmlshll":{"name":"Preferensi shell","searchName":"Panel shell preferensi Profil di Terminal"},"trmlwindw":{"name":"Preferensi jendela","searchName":"Panel jendela preferensi Profil di Terminal"},"trmltxt":{"name":"Preferensi teks","searchName":"Panel Teks pada preferensi Profil di Terminal"},"apdA49A1BB2-577E-4721-8F25-FFC0836F6997":{"name":"Mengedit daftar properti"},"trml103":{"name":"Menampilkan karakter berbita tinggi","searchName":"Menampilkan karakter berbita tinggi di Terminal"},"apdC6C1077B-5D5D-4D35-9C19-60F2397B2369":{"name":"Manajemen skrip dengan launchd"},"trml104":{"name":"Mengekspor pengaturan profil","searchName":"Mengekspor pengaturan Terminal"},"apd382CC5FA-4F58-4449-B20A-41C53C006F8F":{"name":"Gunakan variabel lingkungan"},"trml106":{"name":"Menyeret file ke dalam Terminal untuk menentukan jalur"},"trml113":{"name":"Mengubah shell default","searchName":"Mengubah shell default di Terminal"},"trml107":{"name":"Mengubah tampilan jendela Terminal"},"trmlstrtup":{"name":"Preferensi umum","searchName":"Preferensi umum di Terminal"},"trml108":{"name":"Membuat tombol fungsi khusus","searchName":"Buat tombol fungsi khusus di Terminal"},"trml109":{"name":"Mencegah pendeteksian penekanan tombol yang tidak diinginkan","searchName":"Mencegah pendeteksian penekanan tombol yang tidak diinginkan di Terminal"},"apdD556274B-9CC9-4764-BBA8-87610A745747":{"name":"Menjalankan skrip shell di waktu tertentu"},"trmlshtcts":{"name":"Pintasan papan ketik","searchName":"Pintasan papan ketik Terminal"},"apd5B0B6259-A7D4-4435-947D-0DFF528912BA":{"name":"Perintah memerlukan dasar atau hak administrator"},"trml11512":{"name":"Mengedit perintah yang baru-baru ini digunakan","searchName":"Mengedit perintah yang baru-baru ini digunakan di Terminal"},"apd3CF6FE02-3EC8-48F1-951F-866E52955FC8":{"name":"Menentukan file dan folder"},"trml1001":{"name":"Memperbaiki kesalahan pengetikan","searchName":"Memperbaiki kesalahan pengetikan di Terminal"},"trml11513":{"name":"Menjalankan skrip AppleScript dari Terminal"},"apdDFB31307-3E90-432F-8AA7-7CBC05DB27F7":{"name":"Memindahkan dan menyalin file"},"trml15652":{"name":"Menggunakan grup jendela","searchName":"Buka sekelompok jendela Terminal secara otomatis"},"trml1003":{"name":"Mengotomatisasi tugas menggunakan AppleScript"},"trmladvn":{"name":"Preferensi lanjutan","searchName":"Panel lanjutan preferensi Profil di Terminal"},"trml35615":{"name":"Jika Terminal berbunyi bip saat Anda mengetik"},"apd0445A31B-28D0-4AD2-BC19-ABF64F36446B":{"name":"Mengubah disk mulai komputer jarak jauh"},"trml1020":{"name":"Menggunakan fitur aksesibilitas OS X"},"trmlencd":{"name":"Preferensi pengodean","searchName":"Pengodean preferensi di Terminal"},"apdB02F1133-25AF-4C65-8976-159609F99817":{"name":"Editor teks baris perintah","searchName":"Editor teks baris perintah untuk OS X Server"},"apd9369B225-34E9-41B4-BC23-53C44B01BC07":{"name":"Mematikan komputer"},"apdD100908F-06B3-4E63-8A87-32E71241BAB4":{"name":"Membuat file dapat dijalankan"},"trmlwrkspc":{"name":"Preferensi Grup Jendela","searchName":"Preferensi Grup Jendela di Terminal"},"trml15220":{"name":"Mengaktifkan pengodean karakter internasional","searchName":"Mengaktifkan pengodean karakter internasional di Terminal"},"trml1031":{"name":"Membuat tab di jendela Terminal"},"trml1018":{"name":"Terhubung ke server","searchName":"Terhubung ke server di Terminal"},"trml1032":{"name":"Mengaktifkan pengodean karakter internasional","searchName":"Mengaktifkan pengodean karakter internasional di Terminal"},"trml1019":{"name":"Menyalin teks ke dalam jendela Terminal"},"apdFB88006C-67FB-4982-965E-2E1AF25CD739":{"name":"Mengenai penggunaan baris perintah secara interaktif"},"trml1034":{"name":"Mengimpor file pengaturan","searchName":"Impor file pengaturan Terminal"},"agi":{"name":"Menggunakan pintasan Terminal","searchName":"Menggunakan pintasan Terminal di OS X"},"trmltab":{"name":"Preferensi tab","searchName":"Panel tab preferensi Profil di Terminal"},"apdC52250EE-4659-4751-9A3A-8B7988150530":{"name":"Mengompres dan membatalkan kompresi arsip file"}},"copyright_text":"Hak Cipta © 2016 Apple Inc. Semua hak cipta dilindungi undang-undang."}