{"css":"","framework":"duck-10.0.0","title":"Trợ giúp Terminal","build_id":"57589777680ce29c05fb6e76","icon":"..\/SharedGlobalArt\/AppIconDefault_Terminal.png","sections":{"trml6dee242c":{"name":"Sử dụng tự động hóa và tập lệnh","children":["apd53500956-7C5B-496B-A362-2845F2AAB4BC","apdD100908F-06B3-4E63-8A87-32E71241BAB4","apdC6C1077B-5D5D-4D35-9C19-60F2397B2369","apdD556274B-9CC9-4764-BBA8-87610A745747","trml1003","trml11513"]},"trml2a13d2ad":{"name":"Làm việc trong các cửa sổ Terminal","children":["apd5265185D-F365-44CB-8B09-71A064A42125","apdB66B5242-0D18-49FC-9C47-A2498B7C91D5","apd3CF6FE02-3EC8-48F1-951F-866E52955FC8","apd1DBE647B-7E11-49DC-AA76-89AA7E53CE36","trml1001","trml106","trml15652"]},"trml2d2340ac":{"name":"Sử dụng các cấu hình","children":["trmlbe278009","trml5856b1f2","trmlb20c7888","trml107","trml20912","trml15233","trml4299c696"]}},"birdseed_version":5,"toc":["trml11412","trml2a13d2ad","trml2d2340ac","trml6dee242c","trmlshtcts"],"locale":"vi","version":"10.12","enable_tracking":false,"source_schema":"apd-schema","platform":"mac","build_date":"2016.06.08-15:30:12","landing":"trml35501","product":"terminal","urls":{},"copyright":"","show_previous_next":false,"topics":{"apd53500956-7C5B-496B-A362-2845F2AAB4BC":{"name":"Giới thiệu về tập lệnh shell","searchName":"Giới thiệu về tập lệnh shell"},"trmlbe278009":{"name":"Tạo và quản lý các cấu hình"},"apdA3571AFE-48E3-4B52-BEC9-5D80327F2063":{"name":"Sử dụng các biến NVRAM vi chương trình"},"apd7D247A89-3560-4C3B-A471-3E66FF607040":{"name":"Khởi động lại máy tính"},"trml15233":{"name":"Giới hạn số lượng hàng được giữ lại trong một phiên","searchName":"Sửa đổi lượng văn bản được giữ lại trong cửa sổ Terminal"},"trml35501":{"name":"Trợ giúp Terminal","href":"trml35501.html","categories":["landing"]},"apd5265185D-F365-44CB-8B09-71A064A42125":{"name":"Truy cập shell","searchName":"Truy cập shell bằng ứng dụng Terminal"},"trmlb20c7888":{"name":"Mở các tab và cửa sổ","searchName":"Mở các tab và cửa sổ Terminal"},"trml15226":{"name":"Thay đổi con trỏ","searchName":"Thay đổi con trỏ trong Terminal"},"apdB66B5242-0D18-49FC-9C47-A2498B7C91D5":{"name":"Thực thi lệnh và chạy công cụ"},"trml6909054d":{"name":"Nhập mật khẩu trong cửa sổ Terminal","searchName":"Nhập mật khẩu trong Terminal"},"trml4299c696":{"name":"Nhập và xuất các cấu hình","searchName":"Nhập và xuất cài đặt Terminal"},"trmlc69728a5":{"name":"Cho phép báo cáo bằng chuột","searchName":"Bật Báo cáo bằng Chuột trong Terminal"},"trmlkbrd":{"name":"Tùy chọn Bàn phím","searchName":"Khung Bàn phím của tùy chọn Cấu hình trong Terminal"},"trml20912":{"name":"Đặt cảnh báo bằng âm thanh hoặc hình ảnh","searchName":"Đặt cảnh báo bằng âm thanh hoặc hình ảnh trong Terminal"},"trml15228":{"name":"Thay đổi tiêu đề được hiển thị trong cửa sổ Terminal"},"apdBC6514EB-E106-4415-94E6-E71192085BC5":{"name":"Xem nội dung tệp"},"apd1DBE647B-7E11-49DC-AA76-89AA7E53CE36":{"name":"Chuyển hướng đầu vào và đầu ra"},"trml5856b1f2":{"name":"Chỉ định các cấu hình khởi động và mặc định"},"trml135fbc26":{"name":"Sử dụng đánh dấu và dấu trang"},"apd8A205299-1C4C-4845-902A-6190E132B006":{"name":"Tìm kiếm văn bản trong tệp"},"trml11412":{"name":"Tổng quan về Terminal"},"trmld1f46097":{"name":"Hiển thị hoặc ẩn màn hình thay thế"},"trmlshll":{"name":"Tùy chọn Shell","searchName":"Khung Shell của tùy chọn Cấu hình trong Terminal"},"trmlwindw":{"name":"Tùy chọn Cửa sổ","searchName":"Khung Cửa sổ của tùy chọn Cấu hình trong Terminal"},"trmltxt":{"name":"Tùy chọn Văn bản","searchName":"Khung Văn bản của tùy chọn Cấu hình trong Terminal"},"apdA49A1BB2-577E-4721-8F25-FFC0836F6997":{"name":"Sửa danh sách thuộc tính"},"trml103":{"name":"Hiển thị các ký tự có bit cao","searchName":"Hiển thị các ký tự có bit cao trong Terminal"},"apdC6C1077B-5D5D-4D35-9C19-60F2397B2369":{"name":"Quản lý tập lệnh bằng launchd"},"trml104":{"name":"Xuất cài đặt cấu hình","searchName":"Xuất cài đặt Terminal"},"apd382CC5FA-4F58-4449-B20A-41C53C006F8F":{"name":"Sử dụng các biến môi trường"},"trml106":{"name":"Kéo tệp vào Terminal để chỉ định đường dẫn"},"trml113":{"name":"Thay đổi shell mặc định","searchName":"Thay đổi shell mặc định trong Terminal"},"trml107":{"name":"Thay đổi hình thức của các cửa sổ Terminal"},"trmlstrtup":{"name":"Tùy chọn chung","searchName":"Tùy chọn Chung trong Terminal"},"trml108":{"name":"Tạo các phím chức năng tùy chỉnh","searchName":"Tạo các phím chức năng tùy chỉnh trong Terminal"},"trml109":{"name":"Ngăn việc phát hiện thao tác phím không mong muốn","searchName":"Ngăn việc phát hiện thao tác phím không mong muốn trong Terminal"},"apdD556274B-9CC9-4764-BBA8-87610A745747":{"name":"Chạy tập lệnh shell tại thời điểm cụ thể"},"trmlshtcts":{"name":"Phím tắt trên bàn phím","searchName":"Terminal keyboard shortcuts"},"apd5B0B6259-A7D4-4435-947D-0DFF528912BA":{"name":"Các lệnh yêu cầu đặc quyền quản trị viên hoặc gốc"},"trml11512":{"name":"Sửa các lệnh được sử dụng trước đây","searchName":"Sửa các lệnh được sử dụng gần đây trong Terminal"},"apd3CF6FE02-3EC8-48F1-951F-866E52955FC8":{"name":"Chỉ định tệp và thư mục"},"trml1001":{"name":"Sửa các lỗi nhập liệu","searchName":"Sửa lỗi nhập liệu trong Terminal"},"trml11513":{"name":"Chạy tập lệnh AppleScript từ Terminal"},"apdDFB31307-3E90-432F-8AA7-7CBC05DB27F7":{"name":"Di chuyển và sao chép tệp"},"trml15652":{"name":"Sử dụng các nhóm cửa sổ","searchName":"Mở tự động một nhóm các cửa sổ Terminal"},"trml1003":{"name":"Tự động hóa các tác vụ bằng AppleScript"},"trmladvn":{"name":"Tùy chọn nâng cao","searchName":"Khung Nâng cao của tùy chọn Cấu hình trong Terminal"},"trml35615":{"name":"Nếu Terminal phát ra tiếng bíp khi bạn nhập"},"apd0445A31B-28D0-4AD2-BC19-ABF64F36446B":{"name":"Thay đổi ổ đĩa khởi động của máy tính từ xa"},"trml1020":{"name":"Sử dụng các tính năng trợ năng trong OS X"},"trmlencd":{"name":"Tùy chọn Mã hóa","searchName":"Tùy chọn Mã hóa trong Terminal"},"apdB02F1133-25AF-4C65-8976-159609F99817":{"name":"Trình soạn thảo văn bản dòng lệnh","searchName":"Trình soạn thảo văn bản dòng lệnh cho OS X Server"},"apd9369B225-34E9-41B4-BC23-53C44B01BC07":{"name":"Tắt máy tính"},"apdD100908F-06B3-4E63-8A87-32E71241BAB4":{"name":"Đặt tệp thành có thể thực thi"},"trmlwrkspc":{"name":"Tùy chọn Nhóm Cửa sổ","searchName":"Tùy chọn Nhóm Cửa sổ trong Terminal"},"trml15220":{"name":"Bật mã hóa ký tự quốc tế","searchName":"Bật mã hóa ký tự quốc tế trong Terminal"},"trml1031":{"name":"Tạo tab trong cửa sổ Terminal"},"trml1018":{"name":"Kết nối với máy chủ","searchName":"Kết nối với máy chủ trong Terminal"},"trml1032":{"name":"Kích hoạt mã hóa ký tự quốc tế","searchName":"Kích hoạt mã hóa ký tự quốc tế trong Terminal"},"trml1019":{"name":"Sao chép văn bản vào cửa sổ Terminal"},"apdFB88006C-67FB-4982-965E-2E1AF25CD739":{"name":"Giới thiệu về sử dụng dòng lệnh một cách tương tác"},"trml1034":{"name":"Nhập tệp cài đặt","searchName":"Nhập tệp cài đặt Terminal"},"agi":{"name":"Sử dụng phím tắt Terminal","searchName":"Sử dụng phím tắt Terminal trong OS X"},"trmltab":{"name":"Tùy chọn Tab","searchName":"Khung Tab của tùy chọn Cấu hình trong Terminal"},"apdC52250EE-4659-4751-9A3A-8B7988150530":{"name":"Nén và giải nén tệp lưu trữ"}},"copyright_text":"Bản quyền © 2016 Apple Inc. Mọi quyền được bảo lưu."}