{"css":"","framework":"duck-10.0.0","title":"Βοήθεια για Τερματικό","build_id":"5748ce62094622ab1714cc9b","icon":"..\/SharedGlobalArt\/AppIconDefault_Terminal.png","sections":{"trml6dee242c":{"name":"Χρήση αυτοματισμού και σεναρίων","children":["apd53500956-7C5B-496B-A362-2845F2AAB4BC","apdD100908F-06B3-4E63-8A87-32E71241BAB4","apdC6C1077B-5D5D-4D35-9C19-60F2397B2369","apdD556274B-9CC9-4764-BBA8-87610A745747","trml1003","trml11513"]},"trml2a13d2ad":{"name":"Εργασία σε παράθυρα του Τερματικού","children":["apd5265185D-F365-44CB-8B09-71A064A42125","apdB66B5242-0D18-49FC-9C47-A2498B7C91D5","apd3CF6FE02-3EC8-48F1-951F-866E52955FC8","apd1DBE647B-7E11-49DC-AA76-89AA7E53CE36","trml1001","trml106","trml15652"]},"trml2d2340ac":{"name":"Χρήση προφίλ","children":["trmlbe278009","trml5856b1f2","trmlb20c7888","trml107","trml20912","trml15233","trml4299c696"]}},"birdseed_version":5,"toc":["trml11412","trml2a13d2ad","trml2d2340ac","trml6dee242c","trmlshtcts"],"locale":"el","version":"10.12","enable_tracking":false,"source_schema":"apd-schema","platform":"mac","build_date":"2016.05.27-16:32:49","landing":"trml35501","product":"terminal","urls":{},"copyright":"","show_previous_next":false,"topics":{"apd53500956-7C5B-496B-A362-2845F2AAB4BC":{"name":"Πληροφορίες για τα σκριπτ κελύφους","searchName":"Πληροφορίες για τα σκριπτ κελύφους"},"trmlbe278009":{"name":"Δημιουργία και διαχείριση προφίλ"},"apdA3571AFE-48E3-4B52-BEC9-5D80327F2063":{"name":"Χειρισμός μεταβλητών NVRAM υλικολογισμικού"},"apd7D247A89-3560-4C3B-A471-3E66FF607040":{"name":"Επανεκκίνηση υπολογιστών"},"trml15233":{"name":"Περιορισμός του αριθμού των σειρών που διατηρούνται σε μια συνεδρία","searchName":"Τροποποίηση της ποσότητας κειμένου που διατηρείται σε ένα παράθυρο για το Τερματικό"},"trml35501":{"name":"Βοήθεια για Τερματικό","href":"trml35501.html","categories":["landing"]},"apd5265185D-F365-44CB-8B09-71A064A42125":{"name":"Πρόσβαση στο κέλυφος","searchName":"Πρόσβαση στο κέλυφος μέσω της εφαρμογής «Τερματικό»"},"trmlb20c7888":{"name":"Άνοιγμα παραθύρων και καρτελών","searchName":"Άνοιγμα παραθύρων και καρτελών Τερματικού"},"trml15226":{"name":"Αλλαγή δρομέα","searchName":"Αλλαγή δρομέα στο Τερματικό"},"apdB66B5242-0D18-49FC-9C47-A2498B7C91D5":{"name":"Εκτέλεση εντολών και εργαλεία εκτέλεσης"},"trml6909054d":{"name":"Εισαγωγή συνθηματικού στο παράθυρο Τερματικού","searchName":"Εισαγωγή συνθηματικού στο Τερματικό"},"trml4299c696":{"name":"Εισαγωγή και εξαγωγή προφίλ","searchName":"Εισαγωγή και εξαγωγή ρυθμίσεων Τερματικού"},"trmlc69728a5":{"name":"Επιτρέπονται οι αναφορές ποντικιού","searchName":"Ενεργοποίηση των Αναφορών ποντικιού στο Τερματικό"},"trmlkbrd":{"name":"Προτιμήσεις για το Πληκτρολόγιο","searchName":"Τμήμα «Πληκτρολόγιο» στις προτιμήσεις Προφίλ του Τερματικού"},"trml20912":{"name":"Ορισμός ηχητικής ή οπτικής ειδοποίησης","searchName":"Ορισμός ηχητικής ή οπτικής ειδοποίησης στο Τερματικό"},"trml15228":{"name":"Αλλαγή του τίτλου που εμφανίζεται σε παράθυρο Τερματικού"},"apdBC6514EB-E106-4415-94E6-E71192085BC5":{"name":"Προβολή περιεχομένων αρχείου"},"apd1DBE647B-7E11-49DC-AA76-89AA7E53CE36":{"name":"Ανακατεύθυνση εισόδου και εξόδου"},"trml5856b1f2":{"name":"Καθορισμός προεπιλεγμένων προφίλ και προφίλ εκκίνησης"},"trml135fbc26":{"name":"Χρήση επισημάνσεων και σελιδοδεικτών"},"apd8A205299-1C4C-4845-902A-6190E132B006":{"name":"Αναζήτηση για κείμενο σε αρχείο"},"trml11412":{"name":"Επισκόπηση για το Τερματικό"},"trmld1f46097":{"name":"Εμφάνιση ή απόκρυψη της εναλλακτικής οθόνης"},"trmlshll":{"name":"Προτιμήσεις για το Κέλυφος","searchName":"Τμήμα «Κέλυφος» στις προτιμήσεις Προφίλ του Τερματικού"},"trmlwindw":{"name":"Προτιμήσεις για το Παράθυρο","searchName":"Τμήμα «Παράθυρο» στις προτιμήσεις Προφίλ του Τερματικού"},"trmltxt":{"name":"Προτιμήσεις για το Κείμενο","searchName":"Τμήμα «Κείμενο» στις προτιμήσεις Προφίλ του Τερματικού"},"apdA49A1BB2-577E-4721-8F25-FFC0836F6997":{"name":"Επεξεργασία λιστών ιδιοτήτων"},"trml103":{"name":"Εμφάνιση χαρακτήρων υψηλού αριθμού bit","searchName":"Εμφάνιση χαρακτήρων υψηλού αριθμού bit στο Τερματικό"},"apdC6C1077B-5D5D-4D35-9C19-60F2397B2369":{"name":"Διαχείριση σκριπ με launchd"},"trml104":{"name":"Εξαγωγή ρυθμίσεων προφίλ","searchName":"Εξαγωγή ρυθμίσεων του Τερματικού"},"apd382CC5FA-4F58-4449-B20A-41C53C006F8F":{"name":"Χρήση μεταβλητών περιβάλλοντος"},"trml106":{"name":"Μεταφορά αρχείων στο Τερματικό για τον καθορισμό διαδρομών"},"trml113":{"name":"Αλλαγή του προεπιλεγμένου κελύφους","searchName":"Αλλαγή του προεπιλεγμένου κελύφους στο Τερματικό"},"trml107":{"name":"Αλλαγή εμφάνισης παραθύρων για το Τερματικό"},"trmlstrtup":{"name":"Γενικές προτιμήσεις","searchName":"Γενικές προτιμήσεις στο Τερματικό"},"trml108":{"name":"Δημιουργία προσαρμοσμένων πλήκτρων λειτουργιών","searchName":"Δημιουργία προσαρμοσμένων πλήκτρων λειτουργιών στο Τερματικό"},"trml109":{"name":"Αποτροπή ανεπιθύμητης ανίχνευσης πληκτρολόγησης","searchName":"Αποτροπή ανεπιθύμητης ανίχνευσης πληκτρολόγησης στο Τερματικό"},"apdD556274B-9CC9-4764-BBA8-87610A745747":{"name":"Εκτέλεση σκριπτ κελύφους σε συγκεκριμένες ώρες"},"trmlshtcts":{"name":"Συντομεύσεις πληκτρολογίου","searchName":"Terminal keyboard shortcuts"},"apd5B0B6259-A7D4-4435-947D-0DFF528912BA":{"name":"Εντολές που απαιτούν προνόμια ρίζας ή διαχειριστή"},"trml11512":{"name":"Επεξεργασία εντολών που έχετε χρησιμοποιήσει στο παρελθόν","searchName":"Επεξεργασία πρόσφατα χρησιμοποιημένων εντολών στο Τερματικό"},"apd3CF6FE02-3EC8-48F1-951F-866E52955FC8":{"name":"Καθορισμός αρχείων και φακέλων"},"trml1001":{"name":"Διόρθωση λαθών πληκτρολόγησης","searchName":"Διόρθωση λαθών πληκτρολόγησης στο Τερματικό"},"trml11513":{"name":"Εκτέλεση σκριπτ AppleScript από το Τερματικό"},"apdDFB31307-3E90-432F-8AA7-7CBC05DB27F7":{"name":"Μετακίνηση και αντιγραφή αρχείων"},"trml15652":{"name":"Χρήση ομάδων παραθύρων","searchName":"Άνοιγμα ομάδας παραθύρων για το Τερματικό αυτόματα"},"trml1003":{"name":"Αυτοματοποίηση εργασιών με χρήση AppleScript"},"trmladvn":{"name":"Προηγμένες προτιμήσεις","searchName":"Τμήμα «Προηγμένα» στις προτιμήσεις Προφίλ του Τερματικού"},"trml35615":{"name":"Στην περίπτωση που το Τερματικό παράγει χαρακτηριστικό ήχο (μπιπ) ενώ πληκτρολογείτε"},"apd0445A31B-28D0-4AD2-BC19-ABF64F36446B":{"name":"Αλλαγή δίσκου εκκίνησης απομακρυσμένου υπολογιστή"},"trml1020":{"name":"Χρήση δυνατοτήτων προσβασιμότητας OS X"},"trmlencd":{"name":"Προτιμήσεις για τις Κωδικοποιήσεις","searchName":"Προτιμήσεις για τις Κωδικοποιήσεις στο Τερματικό"},"apdB02F1133-25AF-4C65-8976-159609F99817":{"name":"Προγράμματα επεξεργασίας κειμένου γραμμής εντολών","searchName":"Προγράμματα επεξεργασίας κειμένου γραμμής εντολών για το OS X Server"},"apd9369B225-34E9-41B4-BC23-53C44B01BC07":{"name":"Τερματισμός υπολογιστών"},"apdD100908F-06B3-4E63-8A87-32E71241BAB4":{"name":"Δημιουργία εκτελέσιμου αρχείου"},"trmlwrkspc":{"name":"Προτιμήσεις για τις Ομάδες παραθύρων","searchName":"Προτιμήσεις για τις Ομάδες παραθύρων στο Τερματικό"},"trml15220":{"name":"Ενεργοποίηση κωδικοποιήσεων διεθνών χαρακτήρων","searchName":"Ενεργοποίηση κωδικοποιήσεων διεθνών χαρακτήρων στο Τερματικό"},"trml1031":{"name":"Δημιουργία καρτελών σε παράθυρο του Τερματικού"},"trml1018":{"name":"Σύνδεση με διακομιστές","searchName":"Σύνδεση με διακομιστές στο Τερματικό"},"trml1032":{"name":"Ενεργοποίηση κωδικοποιήσεων διεθνών χαρακτήρων","searchName":"Ενεργοποίηση κωδικοποιήσεων διεθνών χαρακτήρων στο Τερματικό"},"trml1019":{"name":"Αντιγραφή κειμένου σε παράθυρο Τερματικού"},"apdFB88006C-67FB-4982-965E-2E1AF25CD739":{"name":"Πληροφορίες για τη διαδραστική χρήση της γραμμής εντολών"},"trml1034":{"name":"Εισαγωγή αρχείου ρυθμίσεων","searchName":"Εισαγωγή αρχείου ρυθμίσεων του Τερματικού"},"agi":{"name":"Χρήση συντομεύσεων Τερματικού","searchName":"Χρήση συντομεύσεων Τερματικού στο OS X"},"trmltab":{"name":"Προτιμήσεις για τις Καρτέλες","searchName":"Τμήμα «Καρτέλα» στις προτιμήσεις Προφίλ του Τερματικού"},"apdC52250EE-4659-4751-9A3A-8B7988150530":{"name":"Συμπίεση και αποσυμπίεση αρχειοθηκών αρχείων"}},"copyright_text":"Copyright © 2016 Apple Inc. Με επιφύλαξη κάθε δικαιώματος."}