{"css":"","framework":"duck-10.0.0","title":"터미널 도움말","build_id":"5748ce48094622ab1714cc08","icon":"..\/SharedGlobalArt\/AppIconDefault_Terminal.png","sections":{"trml6dee242c":{"name":"자동화 및 스크립트 사용하기","children":["apd53500956-7C5B-496B-A362-2845F2AAB4BC","apdD100908F-06B3-4E63-8A87-32E71241BAB4","apdC6C1077B-5D5D-4D35-9C19-60F2397B2369","apdD556274B-9CC9-4764-BBA8-87610A745747","trml1003","trml11513"]},"trml2a13d2ad":{"name":"터미널 윈도우에서 작업하기","children":["apd5265185D-F365-44CB-8B09-71A064A42125","apdB66B5242-0D18-49FC-9C47-A2498B7C91D5","apd3CF6FE02-3EC8-48F1-951F-866E52955FC8","apd1DBE647B-7E11-49DC-AA76-89AA7E53CE36","trml1001","trml106","trml15652"]},"trml2d2340ac":{"name":"프로파일 사용하기","children":["trmlbe278009","trml5856b1f2","trmlb20c7888","trml107","trml20912","trml15233","trml4299c696"]}},"birdseed_version":5,"toc":["trml11412","trml2a13d2ad","trml2d2340ac","trml6dee242c","trmlshtcts"],"locale":"ko","version":"10.12","enable_tracking":false,"source_schema":"apd-schema","platform":"mac","build_date":"2016.05.27-16:31:17","landing":"trml35501","product":"terminal","urls":{},"copyright":"","show_previous_next":false,"topics":{"apd53500956-7C5B-496B-A362-2845F2AAB4BC":{"name":"셸 스크립트에 관하여","searchName":"셸 스크립트에 관하여"},"trmlbe278009":{"name":"프로파일 생성 및 관리하기"},"apdA3571AFE-48E3-4B52-BEC9-5D80327F2063":{"name":"펌웨어 NVRAM 변수 조작하기"},"apd7D247A89-3560-4C3B-A471-3E66FF607040":{"name":"컴퓨터 재시동하기"},"trml15233":{"name":"하나의 세션에서 유지되는 행의 수 제한하기","searchName":"터미널 윈도우의 텍스트 양 변경하기"},"trml35501":{"name":"터미널 도움말","href":"trml35501.html","categories":["landing"]},"apd5265185D-F365-44CB-8B09-71A064A42125":{"name":"셸에 접근하기","searchName":"터미널 앱으로 셸에 접근하기"},"trmlb20c7888":{"name":"윈도우 및 탭 열기","searchName":"터미널 윈도우 및 탭 열기"},"trml15226":{"name":"커서 변경하기","searchName":"터미널에서 커서 변경하기"},"apdB66B5242-0D18-49FC-9C47-A2498B7C91D5":{"name":"명령 및 도구 실행하기"},"trml6909054d":{"name":"터미널 윈도우에서 암호 입력하기","searchName":"터미널에서 암호 입력하기"},"trml4299c696":{"name":"프로파일 가져오기 및 보내기","searchName":"터미널 설정 가져오기 및 보내기"},"trmlc69728a5":{"name":"마우스 보고 허용하기","searchName":"터미널에서 마우스 보고 켜기"},"trmlkbrd":{"name":"키보드 환경설정","searchName":"터미널에서 프로파일 환경설정의 키보드 패널"},"trml20912":{"name":"오디오 또는 시각 경고 설정하기","searchName":"터미널에서 오디오 또는 시각 경고 설정하기"},"trml15228":{"name":"터미널 윈도우에 나타나는 제목 변경하기"},"apdBC6514EB-E106-4415-94E6-E71192085BC5":{"name":"파일 콘텐츠 보기"},"apd1DBE647B-7E11-49DC-AA76-89AA7E53CE36":{"name":"입력 및 출력 재전송하기"},"trml5856b1f2":{"name":"기본 및 시동 프로파일 지정하기"},"trml135fbc26":{"name":"표시 및 책갈피 사용하기"},"apd8A205299-1C4C-4845-902A-6190E132B006":{"name":"파일에서 텍스트 검색하기"},"trml11412":{"name":"터미널 개요"},"trmld1f46097":{"name":"보조 화면 표시하기 또는 가리기"},"trmlshll":{"name":"셸 환경설정","searchName":"터미널에서 프로파일 환경설정의 셸 패널"},"trmlwindw":{"name":"윈도우 환경설정","searchName":"터미널에서 프로파일 환경설정의 윈도우 패널"},"trmltxt":{"name":"텍스트 환경설정","searchName":"터미널에서 프로파일 환경설정의 텍스트 패널"},"apdA49A1BB2-577E-4721-8F25-FFC0836F6997":{"name":"속성 목록 편집하기"},"trml103":{"name":"높은 비트 문자 표시하기","searchName":"터미널에서 높은 비트 문자 표시하기"},"apdC6C1077B-5D5D-4D35-9C19-60F2397B2369":{"name":"launchd로 스크립트 관리하기"},"trml104":{"name":"프로파일 설정 보내기","searchName":"터미널 설정 보내기"},"apd382CC5FA-4F58-4449-B20A-41C53C006F8F":{"name":"환경 변수 사용하기"},"trml106":{"name":"터미널에 파일을 드래그하여 경로 지정하기"},"trml113":{"name":"기본 셸 변경하기","searchName":"터미널에서 기본 셸 변경하기"},"trml107":{"name":"터미널 윈도우의 모양새 변경하기"},"trmlstrtup":{"name":"일반 환경설정","searchName":"터미널 일반 환경설정"},"trml108":{"name":"사용자 설정 기능 키 생성하기","searchName":"터미널에서 사용자 설정 기능 키 생성하기"},"trml109":{"name":"원하지 않는 키 입력 감지 방지하기","searchName":"원하지 않는 키 입력 감지 방지하기"},"apdD556274B-9CC9-4764-BBA8-87610A745747":{"name":"특정 시간에 셸 스크립트 실행하기"},"trmlshtcts":{"name":"키보드 단축키","searchName":"Terminal keyboard shortcuts"},"apd5B0B6259-A7D4-4435-947D-0DFF528912BA":{"name":"Root 또는 관리자 권한이 필요한 명령어"},"trml11512":{"name":"이전에 사용한 명령 편집하기","searchName":"터미널에서 최근에 사용한 명령 편집하기"},"apd3CF6FE02-3EC8-48F1-951F-866E52955FC8":{"name":"파일 및 폴더 지정하기"},"trml1001":{"name":"입력 오류 교정하기","searchName":"터미널에서 입력 오류 교정하기"},"trml11513":{"name":"터미널에서 AppleScript 스크립트 실행하기"},"apdDFB31307-3E90-432F-8AA7-7CBC05DB27F7":{"name":"파일 이동 및 복사하기"},"trml15652":{"name":"윈도우 그룹 사용하기","searchName":"터미널 윈도우 그룹 자동으로 열기"},"trml1003":{"name":"AppleScript를 사용하여 작업 자동화하기"},"trmladvn":{"name":"고급 환경설정","searchName":"터미널에서 프로파일 환경설정의 고급 패널"},"trml35615":{"name":"입력할 때마다 터미널에서 경고음이 납니다"},"apd0445A31B-28D0-4AD2-BC19-ABF64F36446B":{"name":"원격 컴퓨터의 시동 디스크 변경하기"},"trml1020":{"name":"OS X 손쉬운 사용 기능 사용하기"},"trmlencd":{"name":"인코딩 환경설정","searchName":"터미널에서 인코딩 환경설정"},"apdB02F1133-25AF-4C65-8976-159609F99817":{"name":"명령어 라인 텍스트 편집기","searchName":"OS X Server 명령어 라인 텍스트 편집기"},"apd9369B225-34E9-41B4-BC23-53C44B01BC07":{"name":"컴퓨터의 시스템 종료하기"},"apdD100908F-06B3-4E63-8A87-32E71241BAB4":{"name":"파일을 실행 가능하도록 만들기"},"trmlwrkspc":{"name":"윈도우 그룹 환경설정","searchName":"터미널에서 윈도우 그룹 환경설정"},"trml15220":{"name":"다국어 문자 인코딩 활성화하기","searchName":"터미널에서 다국어 문자 인코딩 활성화하기"},"trml1031":{"name":"터미널 윈도우에서 탭 생성하기"},"trml1018":{"name":"서버에 연결하기","searchName":"터미널을 사용하여 서버에 연결하기"},"trml1032":{"name":"다국어 문자 인코딩 활성화하기","searchName":"터미널에서 다국어 문자 인코딩 활성화하기"},"trml1019":{"name":"터미널 윈도우에 텍스트 복사하기"},"apdFB88006C-67FB-4982-965E-2E1AF25CD739":{"name":"명령어 라인을 대화식으로 사용하기에 관하여"},"trml1034":{"name":"설정 파일 가져오기","searchName":"터미널 설정 파일 가져오기"},"agi":{"name":"터미널 단축키 사용하기","searchName":"OS X에서 터미널 단축키 사용하기"},"trmltab":{"name":"탭 환경설정","searchName":"터미널에서 프로파일 환경설정의 탭 패널"},"apdC52250EE-4659-4751-9A3A-8B7988150530":{"name":"파일 아카이브 압축 및 압축 해제하기"}},"copyright_text":"Copyright © 2016 Apple Inc. 모든 권리 보유."}