{"css":"","framework":"duck-10.0.0","title":"Aiuto Terminale","build_id":"5748ce5f094622ab1714cc86","icon":"..\/SharedGlobalArt\/AppIconDefault_Terminal.png","sections":{"trml6dee242c":{"name":"Utilizzare l'automazione e gli script","children":["apd53500956-7C5B-496B-A362-2845F2AAB4BC","apdD100908F-06B3-4E63-8A87-32E71241BAB4","apdC6C1077B-5D5D-4D35-9C19-60F2397B2369","apdD556274B-9CC9-4764-BBA8-87610A745747","trml1003","trml11513"]},"trml2a13d2ad":{"name":"Lavorare nelle finestre di Terminale","children":["apd5265185D-F365-44CB-8B09-71A064A42125","apdB66B5242-0D18-49FC-9C47-A2498B7C91D5","apd3CF6FE02-3EC8-48F1-951F-866E52955FC8","apd1DBE647B-7E11-49DC-AA76-89AA7E53CE36","trml1001","trml106","trml15652"]},"trml2d2340ac":{"name":"Profili di utilizzo","children":["trmlbe278009","trml5856b1f2","trmlb20c7888","trml107","trml20912","trml15233","trml4299c696"]}},"birdseed_version":5,"toc":["trml11412","trml2a13d2ad","trml2d2340ac","trml6dee242c","trmlshtcts"],"locale":"it","version":"10.12","enable_tracking":false,"source_schema":"apd-schema","platform":"mac","build_date":"2016.05.27-16:35:25","landing":"trml35501","product":"terminal","urls":{},"copyright":"","show_previous_next":false,"topics":{"apd53500956-7C5B-496B-A362-2845F2AAB4BC":{"name":"Informazioni sugli script della shell","searchName":"Informazioni sugli script della shell"},"trmlbe278009":{"name":"Creare e gestire profili"},"apdA3571AFE-48E3-4B52-BEC9-5D80327F2063":{"name":"Manipolare le variabili NVRAM del firmware"},"apd7D247A89-3560-4C3B-A471-3E66FF607040":{"name":"Riavviare i computer"},"trml15233":{"name":"Limitare il numero di righe conservate in una sessione","searchName":"Modificare la quantità di testo contenuto in una finestra di Terminale"},"trml35501":{"name":"Aiuto Terminale","href":"trml35501.html","categories":["landing"]},"apd5265185D-F365-44CB-8B09-71A064A42125":{"name":"Accedere alla shell","searchName":"Accedere alla shell con l'app Terminale"},"trmlb20c7888":{"name":"Aprire finestre e pannelli","searchName":"Aprire finestre e pannelli di Terminale"},"trml15226":{"name":"Cambiare il cursore","searchName":"Cambiare il cursore in Terminale"},"apdB66B5242-0D18-49FC-9C47-A2498B7C91D5":{"name":"Eseguire comandi e strumenti"},"trml6909054d":{"name":"Inserire una password nella finestra di Terminale","searchName":"Inserire una password in Terminale"},"trml4299c696":{"name":"Importare ed esportare i profili","searchName":"Importare o esportare le impostazioni di Terminale"},"trmlc69728a5":{"name":"Consenti resoconto mouse","searchName":"Attivare resoconto mouse in Terminale"},"trmlkbrd":{"name":"Preferenze Tastiera","searchName":"Pannello Tastiera delle preferenze Profili in Terminale"},"trml20912":{"name":"Impostare un avviso sonoro o visivo","searchName":"Impostare un avviso sonoro o visivo in Terminale"},"trml15228":{"name":"Modificare il titolo mostrato in una finestra di Terminale"},"apdBC6514EB-E106-4415-94E6-E71192085BC5":{"name":"Visualizzare il contenuto di un file"},"apd1DBE647B-7E11-49DC-AA76-89AA7E53CE36":{"name":"Reindirizzare input e output"},"trml5856b1f2":{"name":"Specificare profili di default e di avvio"},"trml135fbc26":{"name":"Utilizzare contrassegni e segnalibri"},"apd8A205299-1C4C-4845-902A-6190E132B006":{"name":"Cercare testo in un file"},"trml11412":{"name":"Panoramica su Terminale"},"trmld1f46097":{"name":"Mostrare o nascondere lo schermo alternativo"},"trmlshll":{"name":"Preferenze shell","searchName":"Pannello Shell delle preferenze Profili in Terminale"},"trmlwindw":{"name":"Preferenze finestra","searchName":"Pannello Finestra delle preferenze Profili in Terminale"},"trmltxt":{"name":"Preferenze Testo","searchName":"Pannello Testo delle preferenze Profili in Terminale"},"apdA49A1BB2-577E-4721-8F25-FFC0836F6997":{"name":"Modificare i file property list"},"trml103":{"name":"Visualizzare caratteri high-bit","searchName":"Visualizzare caratteri high-bit in Terminale"},"apdC6C1077B-5D5D-4D35-9C19-60F2397B2369":{"name":"Gestione degli script con launchd"},"trml104":{"name":"Esportare le impostazioni dei profili","searchName":"Esportare le impostazioni di Terminale"},"apd382CC5FA-4F58-4449-B20A-41C53C006F8F":{"name":"Utilizzare variabili di ambiente"},"trml106":{"name":"Trascinare file su Terminale per specificare i percorsi"},"trml113":{"name":"Modificare la shell di default","searchName":"Modificare la shell di default in Terminale"},"trml107":{"name":"Modificare l'aspetto delle finestre di Terminale"},"trmlstrtup":{"name":"Preferenze Generale","searchName":"Preferenze Generali in Terminale"},"trml108":{"name":"Creare tasti funzione personalizzati","searchName":"Creare tasti funzione personalizzati in Terminale"},"trml109":{"name":"Impedire il rilevamento di tasti indesiderati","searchName":"Impedire il rilevamento di tasti indesiderati in Terminale"},"apdD556274B-9CC9-4764-BBA8-87610A745747":{"name":"Eseguire uno script della shell in orari specifici"},"trmlshtcts":{"name":"Abbreviazioni da tastiera","searchName":"Terminal keyboard shortcuts"},"apd5B0B6259-A7D4-4435-947D-0DFF528912BA":{"name":"Comandi che richiedono privilegi di amministratore o utente root"},"trml11512":{"name":"Modificare i comandi utilizzati precedentemente","searchName":"Modificare i comandi utilizzati recentemente in Terminale"},"apd3CF6FE02-3EC8-48F1-951F-866E52955FC8":{"name":"Specificare file e cartelle"},"trml1001":{"name":"Correggere gli errori di battitura","searchName":"Correggere gli errori di battitura in Terminale"},"trml11513":{"name":"Eseguire script AppleScript da Terminale"},"apdDFB31307-3E90-432F-8AA7-7CBC05DB27F7":{"name":"Spostare e copiare i file"},"trml15652":{"name":"Utilizzare gruppi di finestre","searchName":"Aprire automaticamente un gruppo di finestre di Terminale"},"trml1003":{"name":"Automatizzare le operazioni utilizzando AppleScript"},"trmladvn":{"name":"Preferenze Avanzate","searchName":"Pannello Avanzate delle preferenze Profili in Terminale"},"trml35615":{"name":"Se Terminale emette un segnale acustico durante la digitazione"},"apd0445A31B-28D0-4AD2-BC19-ABF64F36446B":{"name":"Modificare il disco di avvio di un computer remoto"},"trml1020":{"name":"Utilizzare le funzionalità di accessibilità di OS X"},"trmlencd":{"name":"Preferenze di codifica","searchName":"Preferenze di codifica in Terminale"},"apdB02F1133-25AF-4C65-8976-159609F99817":{"name":"Editor di testo a linea di comando","searchName":"Editor di testo a riga di comando per OS X Server"},"apd9369B225-34E9-41B4-BC23-53C44B01BC07":{"name":"Spegnere i computer"},"apdD100908F-06B3-4E63-8A87-32E71241BAB4":{"name":"Rendere un file eseguibile"},"trmlwrkspc":{"name":"Preferenze Gruppi finestre","searchName":"Preferenze Gruppi finestre in Terminale"},"trml15220":{"name":"Abilitare le codifiche dei caratteri internazionali","searchName":"Abilitare le codifiche dei caratteri internazionali in Terminale"},"trml1031":{"name":"Creare pannelli in una finestra di Terminale"},"trml1018":{"name":"Collegarsi a un server","searchName":"Collegarsi ai server in Terminale"},"trml1032":{"name":"Attivare le codifiche dei caratteri internazionali","searchName":"Attivare le codifiche dei caratteri internazionali in Terminale"},"trml1019":{"name":"Copiare testo in una finestra Terminale"},"apdFB88006C-67FB-4982-965E-2E1AF25CD739":{"name":"Informazioni sull'utilizzo interattivo della riga di comando"},"trml1034":{"name":"Importare un file di impostazioni","searchName":"Importare un file di impostazioni di Terminale"},"agi":{"name":"Utilizzare le abbreviazioni di Terminale","searchName":"Utilizzare le abbreviazioni di Terminale in OS X"},"trmltab":{"name":"Preferenze pannello","searchName":"Pannello delle preferenze Profili in Terminale"},"apdC52250EE-4659-4751-9A3A-8B7988150530":{"name":"Comprimere e decomprimere archivi file"}},"copyright_text":"Copyright © 2016 Apple Inc. Tutti i diritti riservati."}