{"css":"","framework":"duck-10.0.0","title":"Nápověda pro Terminál","build_id":"5748ce57094622ab1714cc5c","icon":"..\/SharedGlobalArt\/AppIconDefault_Terminal.png","sections":{"trml6dee242c":{"name":"Používání automatizace a skriptů","children":["apd53500956-7C5B-496B-A362-2845F2AAB4BC","apdD100908F-06B3-4E63-8A87-32E71241BAB4","apdC6C1077B-5D5D-4D35-9C19-60F2397B2369","apdD556274B-9CC9-4764-BBA8-87610A745747","trml1003","trml11513"]},"trml2a13d2ad":{"name":"Práce v oknech Terminálu","children":["apd5265185D-F365-44CB-8B09-71A064A42125","apdB66B5242-0D18-49FC-9C47-A2498B7C91D5","apd3CF6FE02-3EC8-48F1-951F-866E52955FC8","apd1DBE647B-7E11-49DC-AA76-89AA7E53CE36","trml1001","trml106","trml15652"]},"trml2d2340ac":{"name":"Uživatelské profily","children":["trmlbe278009","trml5856b1f2","trmlb20c7888","trml107","trml20912","trml15233","trml4299c696"]}},"birdseed_version":5,"toc":["trml11412","trml2a13d2ad","trml2d2340ac","trml6dee242c","trmlshtcts"],"locale":"cs","version":"10.12","enable_tracking":false,"source_schema":"apd-schema","platform":"mac","build_date":"2016.05.27-16:39:03","landing":"trml35501","product":"terminal","urls":{},"copyright":"","show_previous_next":false,"topics":{"apd53500956-7C5B-496B-A362-2845F2AAB4BC":{"name":"Informace o shell skriptech","searchName":"Informace o shell skriptech"},"trmlbe278009":{"name":"Vytváření a správa profilů"},"apdA3571AFE-48E3-4B52-BEC9-5D80327F2063":{"name":"Manipulace s proměnnými v paměti NVRAM firmwaru"},"apd7D247A89-3560-4C3B-A471-3E66FF607040":{"name":"Restartování počítačů"},"trml15233":{"name":"Omezení počtu řádků uchovávaných v relaci","searchName":"Úprava množství textu uchovávaného v okně Terminálu"},"trml35501":{"name":"Nápověda pro Terminál","href":"trml35501.html","categories":["landing"]},"apd5265185D-F365-44CB-8B09-71A064A42125":{"name":"Přístup k shellu","searchName":"Přístup k shellu pomocí aplikace Terminál"},"trmlb20c7888":{"name":"Otevírání oken a panelů","searchName":"Otevírání oken a panelů terminálu"},"trml15226":{"name":"Změna kurzoru","searchName":"Změna kurzoru v Terminálu"},"apdB66B5242-0D18-49FC-9C47-A2498B7C91D5":{"name":"Provádění příkazů a spouštění nástrojů"},"trml6909054d":{"name":"Zadání hesla v okně Terminálu","searchName":"Zadání hesla v Terminálu"},"trml4299c696":{"name":"Import a export profilů","searchName":"Import a export nastavení Terminálu"},"trmlc69728a5":{"name":"Zapnutí zpráv o myši","searchName":"Zapnutí zpráv o myši v Terminálu"},"trmlkbrd":{"name":"Předvolby klávesnice","searchName":"Panel Klávesnice v předvolbách Profily v Terminálu"},"trml20912":{"name":"Nastavení zvukového nebo vizuálního upozornění","searchName":"Nastavení zvukového nebo vizuálního upozornění v Terminálu"},"trml15228":{"name":"Změna názvu zobrazeného v okně Terminálu"},"apdBC6514EB-E106-4415-94E6-E71192085BC5":{"name":"Zobrazení obsahu souboru"},"apd1DBE647B-7E11-49DC-AA76-89AA7E53CE36":{"name":"Přesměrování vstupu nebo výstupu"},"trml5856b1f2":{"name":"Nastavení výchozího a spouštěcího profilu"},"trml135fbc26":{"name":"Použití značek a záložek"},"apd8A205299-1C4C-4845-902A-6190E132B006":{"name":"Hledání textu v souboru"},"trml11412":{"name":"Přehled Terminálu"},"trmld1f46097":{"name":"Zobrazení nebo skrytí alternativní obrazovky"},"trmlshll":{"name":"Předvolby shellu","searchName":"Panel Shell v předvolbách Profily v Terminálu"},"trmlwindw":{"name":"Předvolby oken","searchName":"Panel Okno v předvolbách Profily v Terminálu"},"trmltxt":{"name":"Předvolby pro text","searchName":"Panel Text v předvolbách Profily v Terminálu"},"apdA49A1BB2-577E-4721-8F25-FFC0836F6997":{"name":"Úprava seznamů vlastností"},"trml103":{"name":"Zobrazení vícebitových znaků","searchName":"Zobrazení vícebitových znaků v Terminálu"},"apdC6C1077B-5D5D-4D35-9C19-60F2397B2369":{"name":"Správa skriptu pomocí nástroje launchd"},"trml104":{"name":"Export nastavení profilu","searchName":"Export nastavení Terminálu"},"apd382CC5FA-4F58-4449-B20A-41C53C006F8F":{"name":"Použití proměnných prostředí"},"trml106":{"name":"Určování cest přetahováním souborů do Terminálu"},"trml113":{"name":"Změna výchozího shellu","searchName":"Změna výchozího shellu v Terminálu"},"trml107":{"name":"Změna vzhledu oken Terminálu"},"trmlstrtup":{"name":"Obecné předvolby","searchName":"Obecné předvolby v Terminálu"},"trml108":{"name":"Vytvoření vlastních funkčních kláves","searchName":"Vytvoření vlastních funkčních kláves pro Terminál"},"trml109":{"name":"Zabránění nechtěnému rozpoznávání stisků kláves","searchName":"Zabránění nechtěnému rozpoznávání stisků kláves v Terminálu"},"apdD556274B-9CC9-4764-BBA8-87610A745747":{"name":"Spuštění shell skriptu v určitou dobu"},"trmlshtcts":{"name":"Klávesové zkratky","searchName":"Klávesové zkratky Terminálu"},"apd5B0B6259-A7D4-4435-947D-0DFF528912BA":{"name":"Příkazy vyžadující oprávnění root nebo správce"},"trml11512":{"name":"Úprava dříve použitých příkazů","searchName":"Úprava posledních použitých příkazů v Terminálu"},"apd3CF6FE02-3EC8-48F1-951F-866E52955FC8":{"name":"Zadání souborů a složek"},"trml1001":{"name":"Opravování chyb při psaní","searchName":"Opravování chyb při psaní v Terminálu"},"trml11513":{"name":"Spouštění AppleScriptů z Terminálu"},"apdDFB31307-3E90-432F-8AA7-7CBC05DB27F7":{"name":"Přesunutí a kopírování souborů"},"trml15652":{"name":"Použití skupin oken","searchName":"Automatické otevření skupiny oken Terminálu"},"trml1003":{"name":"Automatizace úloh pomocí AppleScriptu"},"trmladvn":{"name":"Předvolby Pokročilé","searchName":"Panel Pokročilé v předvolbách Profily v Terminálu"},"trml35615":{"name":"Pokud Terminál při psaní pípá"},"apd0445A31B-28D0-4AD2-BC19-ABF64F36446B":{"name":"Změna startovacího disku vzdáleného počítače"},"trml1020":{"name":"Použití funkcí zpřístupnění OS X"},"trmlencd":{"name":"Předvolby kódování","searchName":"Předvolby kódování v Terminálu"},"apdB02F1133-25AF-4C65-8976-159609F99817":{"name":"Textové editory příkazového řádku","searchName":"Textové editory příkazového řádku pro OS X Server"},"apd9369B225-34E9-41B4-BC23-53C44B01BC07":{"name":"Vypnutí počítačů"},"apdD100908F-06B3-4E63-8A87-32E71241BAB4":{"name":"Nastavení souboru jako spustitelného"},"trmlwrkspc":{"name":"Předvolby skupin oken","searchName":"Předvolby skupin oken v Terminálu"},"trml15220":{"name":"Zapnutí mezinárodních kódování znaků","searchName":"Zapnutí mezinárodních kódování znaků v Terminálu"},"trml1031":{"name":"Vytváření panelů v okně Terminálu"},"trml1018":{"name":"Připojení k serverům","searchName":"Připojení k serverům v Terminálu"},"trml1032":{"name":"Aktivace mezinárodních kódování znaků","searchName":"Aktivace mezinárodních kódování znaků v Terminálu"},"trml1019":{"name":"Kopírování textu do okna Terminálu"},"apdFB88006C-67FB-4982-965E-2E1AF25CD739":{"name":"Informace o interaktivním použití příkazového řádku"},"trml1034":{"name":"Import souboru nastavení","searchName":"Import souboru nastavení Terminálu"},"agi":{"name":"Použití zkratek v Terminálu","searchName":"Použití zkratek v Terminálu v OS X"},"trmltab":{"name":"Předvolby panelů","searchName":"Panel Panel v předvolbách Profily v Terminálu"},"apdC52250EE-4659-4751-9A3A-8B7988150530":{"name":"Komprimace a dekomprimace souborových archivů"}},"copyright_text":"Copyright © 2016 Apple Inc. Všechna práva vyhrazena."}