{"css":"","framework":"duck-10.0.0","title":"Pomoc Terminala","build_id":"5748ce61094622ab1714cc94","icon":"..\/SharedGlobalArt\/AppIconDefault_Terminal.png","sections":{"trml6dee242c":{"name":"Korzystanie z automatyzacji oraz skryptów","children":["apd53500956-7C5B-496B-A362-2845F2AAB4BC","apdD100908F-06B3-4E63-8A87-32E71241BAB4","apdC6C1077B-5D5D-4D35-9C19-60F2397B2369","apdD556274B-9CC9-4764-BBA8-87610A745747","trml1003","trml11513"]},"trml2a13d2ad":{"name":"Praca w oknach Terminala","children":["apd5265185D-F365-44CB-8B09-71A064A42125","apdB66B5242-0D18-49FC-9C47-A2498B7C91D5","apd3CF6FE02-3EC8-48F1-951F-866E52955FC8","apd1DBE647B-7E11-49DC-AA76-89AA7E53CE36","trml1001","trml106","trml15652"]},"trml2d2340ac":{"name":"Korzystanie z profili","children":["trmlbe278009","trml5856b1f2","trmlb20c7888","trml107","trml20912","trml15233","trml4299c696"]}},"birdseed_version":5,"toc":["trml11412","trml2a13d2ad","trml2d2340ac","trml6dee242c","trmlshtcts"],"locale":"pl","version":"10.12","enable_tracking":false,"source_schema":"apd-schema","platform":"mac","build_date":"2016.05.27-16:25:52","landing":"trml35501","product":"terminal","urls":{},"copyright":"","show_previous_next":false,"topics":{"apd53500956-7C5B-496B-A362-2845F2AAB4BC":{"name":"Parę słów o skryptach powłoki","searchName":"Parę słów o skryptach powłoki"},"trmlbe278009":{"name":"Tworzenie profili i zarządzanie nimi"},"apdA3571AFE-48E3-4B52-BEC9-5D80327F2063":{"name":"Modyfikowanie zmiennych oprogramowania sprzętowego NVRAM"},"apd7D247A89-3560-4C3B-A471-3E66FF607040":{"name":"Uruchamianie komputerów ponownie"},"trml15233":{"name":"Ograniczanie liczby wierszy utrzymywanych w sesji","searchName":"Zmiana ilości tekstu utrzymywanego w oknie Terminala"},"trml35501":{"name":"Pomoc Terminala","href":"trml35501.html","categories":["landing"]},"apd5265185D-F365-44CB-8B09-71A064A42125":{"name":"Dostęp do powłoki","searchName":"Dostęp do powłoki przy użyciu programu Terminal"},"trmlb20c7888":{"name":"Otwieranie okien i kart","searchName":"Otwieranie okien i kart terminala"},"trml15226":{"name":"Zmiana kursora","searchName":"Zmiana kursora w programie Terminal"},"apdB66B5242-0D18-49FC-9C47-A2498B7C91D5":{"name":"Wykonywanie poleceń i uruchamianie narzędzi"},"trml6909054d":{"name":"Wprowadzanie hasła w oknie Terminala","searchName":"Wprowadzanie hasła w Terminalu"},"trml4299c696":{"name":"Importowanie i eksportowanie profili","searchName":"Importowanie i eksportowanie ustawień Terminala"},"trmlc69728a5":{"name":"Pozwalaj na raportowanie myszy","searchName":"Włączanie raportowania myszy w Terminalu"},"trmlkbrd":{"name":"Preferencje klawiatury","searchName":"Panel Klawiatura w preferencjach profili w Terminalu"},"trml20912":{"name":"Ustawianie komunikatów dźwiękowych i wizualnych","searchName":"Ustawianie komunikatów dźwiękowych i wizualnych w Terminalu"},"trml15228":{"name":"Zmiana tytułu okna Terminala"},"apdBC6514EB-E106-4415-94E6-E71192085BC5":{"name":"Wyświetlanie zawartości pliku"},"apd1DBE647B-7E11-49DC-AA76-89AA7E53CE36":{"name":"Przekierowywanie wejścia i wyjścia"},"trml5856b1f2":{"name":"Definiowanie profili domyślnych oraz startowych"},"trml135fbc26":{"name":"Korzystanie ze znaczników i zakładek"},"apd8A205299-1C4C-4845-902A-6190E132B006":{"name":"Szukanie tekstu w pliku"},"trml11412":{"name":"Terminal — przegląd"},"trmld1f46097":{"name":"Wyświetlanie lub ukrywanie okna zamiennego"},"trmlshll":{"name":"Preferencje powłoki","searchName":"Panel Powłoka w preferencjach profili w Terminalu"},"trmlwindw":{"name":"Preferencje okien","searchName":"Panel Okno w preferencjach profili w Terminalu"},"trmltxt":{"name":"Preferencje tekstu","searchName":"Panel Tekst w preferencjach profili w Terminalu"},"apdA49A1BB2-577E-4721-8F25-FFC0836F6997":{"name":"Edycja list właściwości"},"trml103":{"name":"Wyświetlanie znaków wysokobitowych","searchName":"Wyświetlanie znaków wysokobitowych w Terminalu"},"apdC6C1077B-5D5D-4D35-9C19-60F2397B2369":{"name":"Zarządzanie skryptami przy użyciu launchd"},"trml104":{"name":"Eksportowanie profilu z ustawieniami","searchName":"Eksportowanie ustawień Terminala"},"apd382CC5FA-4F58-4449-B20A-41C53C006F8F":{"name":"Używanie zmiennych środowiskowych"},"trml106":{"name":"Podawanie ścieżki dostępu do pliku przez przeciągnięcie do Terminala"},"trml113":{"name":"Zmiana domyślnej powłoki","searchName":"Zmiana domyślnej powłoki w programie Terminal"},"trml107":{"name":"Zmiana wyglądu okien Terminala"},"trmlstrtup":{"name":"Preferencje ogólne","searchName":"Preferencje ogólne w programie Terminal"},"trml108":{"name":"Tworzenie własnych klawiszy funkcyjnych","searchName":"Tworzenie własnych klawiszy funkcyjnych w Terminalu"},"trml109":{"name":"Zapobieganie niepożądanemu wykrywaniu wciśniętych klawiszy","searchName":"Zapobieganie niepożądanemu wykrywaniu wciśniętych klawiszy w Terminalu."},"apdD556274B-9CC9-4764-BBA8-87610A745747":{"name":"Uruchamianie skryptu powłoki o określonych porach"},"trmlshtcts":{"name":"Skróty klawiszowe","searchName":"Terminal keyboard shortcuts"},"apd5B0B6259-A7D4-4435-947D-0DFF528912BA":{"name":"Polecenia wymagające uprawnień użytkownika root lub administratora"},"trml11512":{"name":"Edycja ostatnio używanych poleceń","searchName":"Edycja ostatnio używanych poleceń w Terminalu"},"apd3CF6FE02-3EC8-48F1-951F-866E52955FC8":{"name":"Podawanie plików i katalogów"},"trml1001":{"name":"Poprawianie popełnionych błędów","searchName":"Poprawianie popełnionych w Terminalu błędów"},"trml11513":{"name":"Uruchamianie skryptów AppleScript z Terminala"},"apdDFB31307-3E90-432F-8AA7-7CBC05DB27F7":{"name":"Przenoszenie i kopiowanie plików"},"trml15652":{"name":"Korzystanie z grup okien","searchName":"Automatyczne otwieranie grupy okien Terminala"},"trml1003":{"name":"Automatyzowanie zadań za pomocą AppleScript"},"trmladvn":{"name":"Preferencje Zaawansowane","searchName":"Panel Zaawansowane w preferencjach profili w Terminalu"},"trml35615":{"name":"Gdy Terminal wydaje pojedyncze dźwięki podczas pisania"},"apd0445A31B-28D0-4AD2-BC19-ABF64F36446B":{"name":"Zmienianie dysku startowego komputera zdalnego"},"trml1020":{"name":"Korzystanie z funkcji ułatwień dostępu OS X"},"trmlencd":{"name":"Preferencje kodowania","searchName":"Preferencje kodowania w programie Terminal"},"apdB02F1133-25AF-4C65-8976-159609F99817":{"name":"Edytory tekstu w wierszu poleceń","searchName":"Edytory tekstu w wierszu poleceń w OS X Server"},"apd9369B225-34E9-41B4-BC23-53C44B01BC07":{"name":"Wyłączanie komputerów"},"apdD100908F-06B3-4E63-8A87-32E71241BAB4":{"name":"Oznaczanie pliku jako wykonywalnego"},"trmlwrkspc":{"name":"Preferencje grup okien","searchName":"Preferencje grup okien w Terminalu"},"trml15220":{"name":"Włączanie kodowania znaków narodowych","searchName":"Włączanie kodowania znaków narodowych w Terminalu"},"trml1031":{"name":"Tworzenie kart w oknie Terminala"},"trml1018":{"name":"Połączenia z serwerami","searchName":"Połączenia z serwerami w Terminalu"},"trml1032":{"name":"Aktywowanie kodowania znaków narodowych","searchName":"Aktywowanie kodowania znaków narodowych w Terminalu"},"trml1019":{"name":"Kopiowanie tekstu do okna Terminala"},"apdFB88006C-67FB-4982-965E-2E1AF25CD739":{"name":"Parę słów o interaktywnym używaniu wiersza poleceń"},"trml1034":{"name":"Importowanie pliku ustawień","searchName":"Importowanie pliku ustawień Terminala"},"agi":{"name":"Używanie skrótów Terminala","searchName":"Używanie skrótów Terminala w OS X"},"trmltab":{"name":"Preferencje kart","searchName":"Panel Karta w preferencjach profili w Terminalu"},"apdC52250EE-4659-4751-9A3A-8B7988150530":{"name":"Kompresowanie i dekompresowanie archiwów plików"}},"copyright_text":"Copyright © 2016 Apple Inc. Wszystkie prawa zastrzeżone."}