{"css":"","framework":"duck-10.0.0","title":"Pomocník pre Terminál","build_id":"5748ce4b094622ab1714cc16","icon":"..\/SharedGlobalArt\/AppIconDefault_Terminal.png","sections":{"trml6dee242c":{"name":"Používanie automatizácie a skriptov","children":["apd53500956-7C5B-496B-A362-2845F2AAB4BC","apdD100908F-06B3-4E63-8A87-32E71241BAB4","apdC6C1077B-5D5D-4D35-9C19-60F2397B2369","apdD556274B-9CC9-4764-BBA8-87610A745747","trml1003","trml11513"]},"trml2a13d2ad":{"name":"Práca v oknách aplikácie Terminál","children":["apd5265185D-F365-44CB-8B09-71A064A42125","apdB66B5242-0D18-49FC-9C47-A2498B7C91D5","apd3CF6FE02-3EC8-48F1-951F-866E52955FC8","apd1DBE647B-7E11-49DC-AA76-89AA7E53CE36","trml1001","trml106","trml15652"]},"trml2d2340ac":{"name":"Profily používania","children":["trmlbe278009","trml5856b1f2","trmlb20c7888","trml107","trml20912","trml15233","trml4299c696"]}},"birdseed_version":5,"toc":["trml11412","trml2a13d2ad","trml2d2340ac","trml6dee242c","trmlshtcts"],"locale":"sk","version":"10.12","enable_tracking":false,"source_schema":"apd-schema","platform":"mac","build_date":"2016.05.27-16:37:33","landing":"trml35501","product":"terminal","urls":{},"copyright":"","show_previous_next":false,"topics":{"apd53500956-7C5B-496B-A362-2845F2AAB4BC":{"name":"Informácie o shell skriptoch","searchName":"Informácie o shell skriptoch"},"trmlbe278009":{"name":"Vytváranie a správa profilov"},"apdA3571AFE-48E3-4B52-BEC9-5D80327F2063":{"name":"Manipulácia s premennými NVRAM firmvéru"},"apd7D247A89-3560-4C3B-A471-3E66FF607040":{"name":"Reštartovanie počítačov"},"trml15233":{"name":"Obmedzenie počtu riadkov zachovaných v rámci relácie","searchName":"Zmena množstva textu obsiahnutého v okne terminálu"},"trml35501":{"name":"Pomocník pre Terminál","href":"trml35501.html","categories":["landing"]},"apd5265185D-F365-44CB-8B09-71A064A42125":{"name":"Prístup k shellu","searchName":"Prístup k shellu pomocou aplikácie Terminál"},"trmlb20c7888":{"name":"Otvorenie okien a záložiek","searchName":"Otvorenie okien a záložiek aplikácie Terminál"},"trml15226":{"name":"Zmena kurzora","searchName":"Zmena kurzora v termináli"},"apdB66B5242-0D18-49FC-9C47-A2498B7C91D5":{"name":"Vykonávanie príkazov a spúšťanie nástrojov"},"trml6909054d":{"name":"Zadanie hesla v okne aplikácie Terminál","searchName":"Zadanie hesla v aplikácii Terminál"},"trml4299c696":{"name":"Importovanie a exportovanie profilov","searchName":"Importovanie a exportovanie nastavení aplikácie Terminál"},"trmlc69728a5":{"name":"Povolenie hlásení myši","searchName":"Zapnutie hlásení myši v aplikácii Terminál"},"trmlkbrd":{"name":"Nastavenia klávesnice","searchName":"Panel Klávesnica v nastaveniach Profily v aplikácii Terminál"},"trml20912":{"name":"Nastavenie zvukových alebo vizuálnych upozornení","searchName":"Nastaviť zvukové alebo vizuálne upozornenie v Termináli"},"trml15228":{"name":"Zmena názvu zobrazeného v okne aplikácie Terminál"},"apdBC6514EB-E106-4415-94E6-E71192085BC5":{"name":"Zobrazenie obsahu súboru"},"apd1DBE647B-7E11-49DC-AA76-89AA7E53CE36":{"name":"Presmerovanie vstupu a výstupu"},"trml5856b1f2":{"name":"Určenie predvoleného a spúšťacieho profilu"},"trml135fbc26":{"name":"Používanie značiek a záložiek"},"apd8A205299-1C4C-4845-902A-6190E132B006":{"name":"Vyhľadanie textu v súbore"},"trml11412":{"name":"Prehľad terminálu"},"trmld1f46097":{"name":"Zobrazenie alebo skrytie alternatívnej obrazovky"},"trmlshll":{"name":"Nastavenia shellu","searchName":"Panel Shell v nastaveniach Profily v aplikácii Terminál"},"trmlwindw":{"name":"Nastavenia okna","searchName":"Panel Okno v nastaveniach Profily v aplikácii Terminál"},"trmltxt":{"name":"Nastavenia textu","searchName":"Panel Text v nastaveniach Profily v aplikácii Terminál"},"apdA49A1BB2-577E-4721-8F25-FFC0836F6997":{"name":"Úprava zoznamov vlastností"},"trml103":{"name":"Zobrazenie vyššej znakovej sady","searchName":"Zobrazenie vyššej znakovej sady v termináli"},"apdC6C1077B-5D5D-4D35-9C19-60F2397B2369":{"name":"Správa skriptov pomocou procesu launchd"},"trml104":{"name":"Exportovanie nastavení profilu","searchName":"Exportovanie nastavení terminálu"},"apd382CC5FA-4F58-4449-B20A-41C53C006F8F":{"name":"Používanie premenných prostredia"},"trml106":{"name":"Špecifikovanie cesty potiahnutím súborov do Terminálu"},"trml113":{"name":"Zmena predvoleného shellu","searchName":"Zmena predvoleného shellu v aplikácii Terminál"},"trml107":{"name":"Zmena vzhľadu okien terminálu"},"trmlstrtup":{"name":"Všeobecné nastavenia","searchName":"Všeobecné nastavenia v aplikácii Terminál"},"trml108":{"name":"Vytvorenie vlastných funkčných klávesov","searchName":"Vytvorenie vlastných funkčných klávesov v termináli"},"trml109":{"name":"Zabránenie detekcie zadávaných znakov","searchName":"Zabránenie detekcie zadávaných znakov v aplikácii Terminál"},"apdD556274B-9CC9-4764-BBA8-87610A745747":{"name":"Spúšťanie shell skriptu v určitých konkrétnych časoch"},"trmlshtcts":{"name":"Klávesové skratky","searchName":"Klávesové skratky terminálu"},"apd5B0B6259-A7D4-4435-947D-0DFF528912BA":{"name":"Príkazy vyžadujúce koreňové práva alebo práva správcu"},"trml11512":{"name":"Úprava nedávno použitých príkazov","searchName":"Úprava naposledy použitých príkazov v termináli"},"apd3CF6FE02-3EC8-48F1-951F-866E52955FC8":{"name":"Zadanie súborov a priečinkov"},"trml1001":{"name":"Oprava preklepov","searchName":"Oprava preklepov v termináli"},"trml11513":{"name":"Spúšťanie skriptov AppleScript z terminálu"},"apdDFB31307-3E90-432F-8AA7-7CBC05DB27F7":{"name":"Presúvanie a kopírovanie súborov"},"trml15652":{"name":"Používanie skupín okien","searchName":"Automatické otváranie skupiny okien terminálu"},"trml1003":{"name":"Automatizácia úloh pomocou skriptu AppleScript"},"trmladvn":{"name":"Rozšírené nastavenia","searchName":"Panel Rozšírené v nastaveniach Profily v aplikácii Terminál"},"trml35615":{"name":"Ak Terminál počas zadávania znakov pípa"},"apd0445A31B-28D0-4AD2-BC19-ABF64F36446B":{"name":"Zmena spúšťacieho disku vzdialeného počítača"},"trml1020":{"name":"Používanie funkcií prístupnosti v systéme OS X"},"trmlencd":{"name":"Nastavenia kódovania","searchName":"Nastavenia Kodóvanie v aplikácii Terminál"},"apdB02F1133-25AF-4C65-8976-159609F99817":{"name":"Textové editory príkazového riadka","searchName":"Textové editory príkazového riadka pre OS X Server"},"apd9369B225-34E9-41B4-BC23-53C44B01BC07":{"name":"Vypnutie počítačov"},"apdD100908F-06B3-4E63-8A87-32E71241BAB4":{"name":"Zmena súboru na spustiteľný súbor"},"trmlwrkspc":{"name":"Nastavenia skupín okien","searchName":"Nastavenia Skupiny okien v aplikácii Terminál"},"trml15220":{"name":"Povolenie kódovania medzinárodných znakov","searchName":"Povolenie kódovania medzinárodných znakov v termináli"},"trml1031":{"name":"Vytváranie záložiek v okne aplikácie Terminál"},"trml1018":{"name":"Pripojenie k serverom","searchName":"Pripájanie k serverom v termináli"},"trml1032":{"name":"Aktivácia kódovania medzinárodných znakov","searchName":"Aktivácia kódovania medzinárodných znakov v termináli"},"trml1019":{"name":"Kopírovanie textu do okna aplikácie Terminál"},"apdFB88006C-67FB-4982-965E-2E1AF25CD739":{"name":"Informácie o interaktívnom používaní príkazového riadka"},"trml1034":{"name":"Importovanie súboru s nastaveniami","searchName":"Importovanie súboru s nastaveniami terminálu"},"agi":{"name":"Používanie skratiek Terminálu","searchName":"Používanie skratiek Terminálu v systéme OS X"},"trmltab":{"name":"Nastavenia záložiek","searchName":"Panel Záložka v nastaveniach Profily v aplikácii Terminál"},"apdC52250EE-4659-4751-9A3A-8B7988150530":{"name":"Komprimovanie a dekomprimovanie archívov súborov"}},"copyright_text":"Copyright © 2016 Apple Inc. Všetky práva vyhradené."}