{"css":"","framework":"duck-10.0.0","title":"Hjelp for Terminal","build_id":"5748ce5c094622ab1714cc78","icon":"..\/SharedGlobalArt\/AppIconDefault_Terminal.png","sections":{"trml6dee242c":{"name":"Bruk automatisering og prosedyrer","children":["apd53500956-7C5B-496B-A362-2845F2AAB4BC","apdD100908F-06B3-4E63-8A87-32E71241BAB4","apdC6C1077B-5D5D-4D35-9C19-60F2397B2369","apdD556274B-9CC9-4764-BBA8-87610A745747","trml1003","trml11513"]},"trml2a13d2ad":{"name":"Arbeid i Terminal-vinduer","children":["apd5265185D-F365-44CB-8B09-71A064A42125","apdB66B5242-0D18-49FC-9C47-A2498B7C91D5","apd3CF6FE02-3EC8-48F1-951F-866E52955FC8","apd1DBE647B-7E11-49DC-AA76-89AA7E53CE36","trml1001","trml106","trml15652"]},"trml2d2340ac":{"name":"Bruk profiler","children":["trmlbe278009","trml5856b1f2","trmlb20c7888","trml107","trml20912","trml15233","trml4299c696"]}},"birdseed_version":5,"toc":["trml11412","trml2a13d2ad","trml2d2340ac","trml6dee242c","trmlshtcts"],"locale":"nb","version":"10.12","enable_tracking":false,"source_schema":"apd-schema","platform":"mac","build_date":"2016.05.27-16:30:38","landing":"trml35501","product":"terminal","urls":{},"copyright":"","show_previous_next":false,"topics":{"apd53500956-7C5B-496B-A362-2845F2AAB4BC":{"name":"Om shellprosedyrer","searchName":"Om shell-prosedyrer"},"trmlbe278009":{"name":"Opprett og håndter profiler"},"apdA3571AFE-48E3-4B52-BEC9-5D80327F2063":{"name":"Endre NVRAM-variabler i firmwaren"},"apd7D247A89-3560-4C3B-A471-3E66FF607040":{"name":"Start datamaskiner på nytt"},"trml15233":{"name":"Begrens antallet rader som beholdes i en økt","searchName":"Endre mengden tekst som skal huskes i et Terminal-vindu"},"trml35501":{"name":"Hjelp for Terminal","href":"trml35501.html","categories":["landing"]},"apd5265185D-F365-44CB-8B09-71A064A42125":{"name":"Få tilgang til shellet","searchName":"Få tilgang til shell med programmet Terminal"},"trmlb20c7888":{"name":"Åpne vinduer og faner","searchName":"Åpne terminalvinduer og faner"},"trml15226":{"name":"Endre markøren","searchName":"Endre markøren i Terminal"},"apdB66B5242-0D18-49FC-9C47-A2498B7C91D5":{"name":"Utfør kommandoer og kjør verktøy"},"trml6909054d":{"name":"Skriv inn et passord i Terminal-vinduet","searchName":"Skriv inn et passord i Terminal"},"trml4299c696":{"name":"Importer og eksporter profiler","searchName":"Importer og eksporter Terminal-innstillinger"},"trmlc69728a5":{"name":"Tillat musrapportering","searchName":"Slå på musrapportering i Terminal"},"trmlkbrd":{"name":"Tastatur-panelet","searchName":"Tastatur-panelet i Profiler-valg i Terminal"},"trml20912":{"name":"Bruk visuelle signaler og lydsignaler","searchName":"Bruk visuelle signaler og lydsignaler i Terminal"},"trml15228":{"name":"Endre tittelen som vises i et Terminal-vindu"},"apdBC6514EB-E106-4415-94E6-E71192085BC5":{"name":"Vis filinnhold"},"apd1DBE647B-7E11-49DC-AA76-89AA7E53CE36":{"name":"Omdiriger inndata og utdata"},"trml5856b1f2":{"name":"Angi standard- og startprofiler"},"trml135fbc26":{"name":"Bruk merker og bokmerker"},"apd8A205299-1C4C-4845-902A-6190E132B006":{"name":"Søk etter tekst i en fil"},"trml11412":{"name":"Oversikt over Terminal"},"trmld1f46097":{"name":"Vis eller skjul alternativ skjerm"},"trmlshll":{"name":"Shell-valg","searchName":"Shell-panelet i Profiler-valg i Terminal"},"trmlwindw":{"name":"Vindu-valg","searchName":"Vindu-panelet i Profiler-valg i Terminal"},"trmltxt":{"name":"Tekst-valg","searchName":"Tekst-panelet i Profiler-valg i Terminal"},"apdA49A1BB2-577E-4721-8F25-FFC0836F6997":{"name":"Rediger egenskapslister"},"trml103":{"name":"Vis «high-bit»-tegn","searchName":"Vis «high-bit»-tegn i Terminal"},"apdC6C1077B-5D5D-4D35-9C19-60F2397B2369":{"name":"Prosedyrehåndtering med launchd"},"trml104":{"name":"Eksporter profilinnstillinger","searchName":"Eksporter Terminal-innstillinger"},"apd382CC5FA-4F58-4449-B20A-41C53C006F8F":{"name":"Bruk miljøvariabler"},"trml106":{"name":"Angi baner ved å flytte filer til Terminal-vinduet"},"trml113":{"name":"Endre standardshell","searchName":"Endre standardshell i Terminal"},"trml107":{"name":"Endre utseendet på Terminal-vinduer"},"trmlstrtup":{"name":"Generelt-valg","searchName":"Generelt-valg i Terminal"},"trml108":{"name":"Opprett tilpassede funksjonstaster","searchName":"Definer funksjonstaster i Terminal"},"trml109":{"name":"Hindre uønsket detektering av tastetrykk","searchName":"Hindre uønsket detektering av tastetrykk i Terminal"},"apdD556274B-9CC9-4764-BBA8-87610A745747":{"name":"Kjør en shell-prosedyre til bestemte tider"},"trmlshtcts":{"name":"Tastatursnarveier","searchName":"Terminal-tastatursnarveier"},"apd5B0B6259-A7D4-4435-947D-0DFF528912BA":{"name":"Kommandoer som krever rot- eller administratorrettigheter"},"trml11512":{"name":"Rediger kommandoer du har brukt tidligere","searchName":"Rediger kommandoer du har brukt nylig i Terminal"},"apd3CF6FE02-3EC8-48F1-951F-866E52955FC8":{"name":"Angi filer og mapper"},"trml1001":{"name":"Rett skrivefeil","searchName":"Rett skrivefeil i Terminal"},"trml11513":{"name":"Start AppleScript-prosedyrer fra Terminal"},"apdDFB31307-3E90-432F-8AA7-7CBC05DB27F7":{"name":"Flytt og kopier filer"},"trml15652":{"name":"Bruk vindusgrupper","searchName":"Åpne en gruppe Terminal-vinduer automatisk"},"trml1003":{"name":"Automatiser oppgaver med AppleScript"},"trmladvn":{"name":"Avanserte valg","searchName":"Avansert-panelet i Profiler-valg i Terminal"},"trml35615":{"name":"Hvis Terminal reagerer med lydsignal når du skriver"},"apd0445A31B-28D0-4AD2-BC19-ABF64F36446B":{"name":"Bytte startdisk på en ekstern maskin"},"trml1020":{"name":"Bruk funksjoner for tilgjengelighet i OS X"},"trmlencd":{"name":"Kodinger-valg","searchName":"Kodinger-valg i Terminal"},"apdB02F1133-25AF-4C65-8976-159609F99817":{"name":"Tekstredigerere for kommandolinjen","searchName":"Tekstredigerere for kommandolinjen for OS X Server"},"apd9369B225-34E9-41B4-BC23-53C44B01BC07":{"name":"Slå av datamaskiner"},"apdD100908F-06B3-4E63-8A87-32E71241BAB4":{"name":"Gjør en fil utførbar"},"trmlwrkspc":{"name":"Vindusgrupper-valg","searchName":"Vindusgrupper-valg i Terminal"},"trml15220":{"name":"Aktiver internasjonale tegnkodinger","searchName":"Aktiver internasjonale tegnkodinger i Terminal"},"trml1031":{"name":"Opprett faner i et Terminal-vindu"},"trml1018":{"name":"Koble til tjenere","searchName":"Koble til tjenere i Terminal"},"trml1032":{"name":"Aktiver internasjonale tegnkodinger","searchName":"Aktiver internasjonale tegnkodinger i Terminal"},"trml1019":{"name":"Kopier tekst til et Terminal-vindu"},"apdFB88006C-67FB-4982-965E-2E1AF25CD739":{"name":"Om å bruke kommandolinjen interaktivt"},"trml1034":{"name":"Importer en innstillingsfil","searchName":"Importer en Terminal-innstillingsfil"},"agi":{"name":"Bruk Terminal-snarveier","searchName":"Bruk Terminal-snarveier i OS X"},"trmltab":{"name":"Fane-valg","searchName":"Fane-panelet i Profiler-valg i Terminal"},"apdC52250EE-4659-4751-9A3A-8B7988150530":{"name":"Komprimer og dekomprimer filarkiver"}},"copyright_text":"Copyright © 2016 Apple Inc. Alle rettigheter forbeholdes."}