{"css":"","framework":"duck-10.0.0","title":"ターミナルヘルプ","build_id":"5748ce51094622ab1714cc39","icon":"..\/SharedGlobalArt\/AppIconDefault_Terminal.png","sections":{"trml6dee242c":{"name":"オートメーションとスクリプトを使用する","children":["apd53500956-7C5B-496B-A362-2845F2AAB4BC","apdD100908F-06B3-4E63-8A87-32E71241BAB4","apdC6C1077B-5D5D-4D35-9C19-60F2397B2369","apdD556274B-9CC9-4764-BBA8-87610A745747","trml1003","trml11513"]},"trml2a13d2ad":{"name":"「ターミナル」ウインドウで作業する","children":["apd5265185D-F365-44CB-8B09-71A064A42125","apdB66B5242-0D18-49FC-9C47-A2498B7C91D5","apd3CF6FE02-3EC8-48F1-951F-866E52955FC8","apd1DBE647B-7E11-49DC-AA76-89AA7E53CE36","trml1001","trml106","trml15652"]},"trml2d2340ac":{"name":"プロファイルを使用する","children":["trmlbe278009","trml5856b1f2","trmlb20c7888","trml107","trml20912","trml15233","trml4299c696"]}},"birdseed_version":5,"toc":["trml11412","trml2a13d2ad","trml2d2340ac","trml6dee242c","trmlshtcts"],"locale":"ja","version":"10.12","enable_tracking":false,"source_schema":"apd-schema","platform":"mac","build_date":"2016.05.27-16:32:19","landing":"trml35501","product":"terminal","urls":{},"copyright":"","show_previous_next":false,"topics":{"apd53500956-7C5B-496B-A362-2845F2AAB4BC":{"name":"シェルスクリプトについて","searchName":"シェルスクリプトについて"},"trmlbe278009":{"name":"プロファイルを作成する／管理する"},"apdA3571AFE-48E3-4B52-BEC9-5D80327F2063":{"name":"ファームウェアの NVRAM 変数を操作する"},"apd7D247A89-3560-4C3B-A471-3E66FF607040":{"name":"コンピュータを再起動する"},"trml15233":{"name":"セッションで保持される行数を制限する","searchName":"ターミナルウインドウに記録されるテキストの量を変更する"},"trml35501":{"name":"ターミナルヘルプ","href":"trml35501.html","categories":["landing"]},"apd5265185D-F365-44CB-8B09-71A064A42125":{"name":"シェルにアクセスする","searchName":"「ターミナル」アプリケーションでシェルにアクセスする"},"trmlb20c7888":{"name":"ウインドウとタブを開く","searchName":"ターミナルウインドウとタブを開く"},"trml15226":{"name":"カーソルを変更する","searchName":"ターミナルのカーソルを変更する"},"apdB66B5242-0D18-49FC-9C47-A2498B7C91D5":{"name":"コマンドを実行する／ツールを実行する"},"trml6909054d":{"name":"「ターミナル」ウインドウにパスワードを入力する","searchName":"「ターミナル」でパスワードを入力する"},"trml4299c696":{"name":"プロファイルを読み込む／書き出す","searchName":"「ターミナル」設定を読み込む／書き出す"},"trmlc69728a5":{"name":"マウスレポーティングを許可する","searchName":"「ターミナル」でマウスレポーティングを入にする"},"trmlkbrd":{"name":"「キーボード」環境設定","searchName":"「ターミナル」の「プロファイル」環境設定の「キーボード」パネル"},"trml20912":{"name":"音または視覚による警告を設定する","searchName":"ターミナルで音または視覚による警告を設定する"},"trml15228":{"name":"ターミナルウインドウに表示されるタイトルを変更する"},"apdBC6514EB-E106-4415-94E6-E71192085BC5":{"name":"ファイルの内容を表示する"},"apd1DBE647B-7E11-49DC-AA76-89AA7E53CE36":{"name":"入力および出力をリダイレクトする"},"trml5856b1f2":{"name":"デフォルトおよび起動プロファイルを指定する"},"trml135fbc26":{"name":"マークとブックマークを使う"},"apd8A205299-1C4C-4845-902A-6190E132B006":{"name":"ファイル内のテキストを検索する"},"trml11412":{"name":"ターミナルの概要"},"trmld1f46097":{"name":"代替スクリーンを表示する／隠す"},"trmlshll":{"name":"「シェル」環境設定","searchName":"「ターミナル」の「プロファイル」環境設定の「シェル」パネル"},"trmlwindw":{"name":"「ウインドウ」環境設定","searchName":"「ターミナル」の「プロファイル」環境設定の「ウインドウ」パネル"},"trmltxt":{"name":"「テキスト」環境設定","searchName":"「ターミナル」の「プロファイル」環境設定の「テキスト」パネル"},"apdA49A1BB2-577E-4721-8F25-FFC0836F6997":{"name":"プロパティリストを編集する"},"trml103":{"name":"ハイビット文字を表示する","searchName":"ターミナルでハイビット文字を表示する"},"apdC6C1077B-5D5D-4D35-9C19-60F2397B2369":{"name":"launchd を使ったスクリプトの管理"},"trml104":{"name":"ターミナル設定を書き出す","searchName":"ターミナル設定を書き出す"},"apd382CC5FA-4F58-4449-B20A-41C53C006F8F":{"name":"環境変数を使用する"},"trml106":{"name":"ファイルをターミナルにドラッグしてパスを指定する"},"trml113":{"name":"デフォルトシェルを変更する","searchName":"「ターミナル」でデフォルトシェルを変更する"},"trml107":{"name":"ターミナルウインドウの外観を変更する"},"trmlstrtup":{"name":"「一般」環境設定","searchName":"「ターミナル」の「一般」環境設定"},"trml108":{"name":"カスタムのファンクションキーを作成する","searchName":"「ターミナル」でカスタムのファンクションキーを作成する"},"trml109":{"name":"キー入力が不必要に検出されることを防ぐ","searchName":"ターミナルでキー入力が不必要に検出されることを防ぐ"},"apdD556274B-9CC9-4764-BBA8-87610A745747":{"name":"特定の時間にシェルスクリプトを実行する"},"trmlshtcts":{"name":"キーボードショートカット","searchName":"Terminal keyboard shortcuts"},"apd5B0B6259-A7D4-4435-947D-0DFF528912BA":{"name":"ルート権限または管理者権限が必要なコマンド"},"trml11512":{"name":"以前に使用したコマンドを編集する","searchName":"ターミナルで最近使用したコマンドを編集する"},"apd3CF6FE02-3EC8-48F1-951F-866E52955FC8":{"name":"ファイルおよびフォルダを指定する"},"trml1001":{"name":"入力ミスを修正する","searchName":"ターミナルの入力ミスを修正する"},"trml11513":{"name":"ターミナルから AppleScript スクリプトを実行する"},"apdDFB31307-3E90-432F-8AA7-7CBC05DB27F7":{"name":"ファイルを移動する／コピーする"},"trml15652":{"name":"ウインドウグループを使用する","searchName":"ターミナルウインドウのグループを自動的に開く"},"trml1003":{"name":"AppleScript を使ってタスクを自動化する"},"trmladvn":{"name":"「詳細」環境設定","searchName":"「ターミナル」の「プロファイル」環境設定の「詳細」パネル"},"trml35615":{"name":"入力中にターミナルでビープ音が鳴る場合"},"apd0445A31B-28D0-4AD2-BC19-ABF64F36446B":{"name":"リモートコンピュータの起動ディスクを変更する"},"trml1020":{"name":"OS X アクセシビリティ機能を使う"},"trmlencd":{"name":"「エンコーディング」環境設定","searchName":"「ターミナル」の「エンコーディング」環境設定"},"apdB02F1133-25AF-4C65-8976-159609F99817":{"name":"コマンドライン・テキスト・エディタ","searchName":"OS X Server 用のコマンドライン・テキスト・エディタ"},"apd9369B225-34E9-41B4-BC23-53C44B01BC07":{"name":"コンピュータをシステム終了する"},"apdD100908F-06B3-4E63-8A87-32E71241BAB4":{"name":"ファイルを実行可能ファイルにする"},"trmlwrkspc":{"name":"「ウインドウグループ」環境設定","searchName":"「ターミナル」の「ウインドウグループ」環境設定"},"trml15220":{"name":"各言語の文字エンコーディングを使用可能にする","searchName":"ターミナルで各言語の文字エンコーディングを使用可能にする"},"trml1031":{"name":"ターミナルウインドウでタブを作成する"},"trml1018":{"name":"サーバに接続する","searchName":"「ターミナル」でサーバに接続する"},"trml1032":{"name":"各言語の文字エンコーディングを有効にする","searchName":"ターミナルで各言語の文字エンコーディングを有効にする"},"trml1019":{"name":"テキストをターミナルウインドウ内にコピーする"},"apdFB88006C-67FB-4982-965E-2E1AF25CD739":{"name":"コマンドラインの対話的な使用について"},"trml1034":{"name":"設定ファイルを読み込む","searchName":"「ターミナル」設定ファイルを読み込む"},"agi":{"name":"「ターミナル」のショートカットを使用する","searchName":"OS X の「ターミナル」のショートカットを使用する"},"trmltab":{"name":"「タブ」環境設定","searchName":"「ターミナル」の「プロファイル」環境設定の「タブ」パネル"},"apdC52250EE-4659-4751-9A3A-8B7988150530":{"name":"ファイルアーカイブを圧縮する／展開する"}},"copyright_text":"Copyright © 2016 Apple Inc.All rights reserved."}