{"css":"","framework":"duck-10.0.0","title":"Pomoć za Terminal","build_id":"5748ce47094622ab1714cc01","icon":"..\/SharedGlobalArt\/AppIconDefault_Terminal.png","sections":{"trml6dee242c":{"name":"Korištenje automatizacije i skripta","children":["apd53500956-7C5B-496B-A362-2845F2AAB4BC","apdD100908F-06B3-4E63-8A87-32E71241BAB4","apdC6C1077B-5D5D-4D35-9C19-60F2397B2369","apdD556274B-9CC9-4764-BBA8-87610A745747","trml1003","trml11513"]},"trml2a13d2ad":{"name":"Rad u prozorima aplikacije Terminal","children":["apd5265185D-F365-44CB-8B09-71A064A42125","apdB66B5242-0D18-49FC-9C47-A2498B7C91D5","apd3CF6FE02-3EC8-48F1-951F-866E52955FC8","apd1DBE647B-7E11-49DC-AA76-89AA7E53CE36","trml1001","trml106","trml15652"]},"trml2d2340ac":{"name":"Korištenje profila","children":["trmlbe278009","trml5856b1f2","trmlb20c7888","trml107","trml20912","trml15233","trml4299c696"]}},"birdseed_version":5,"toc":["trml11412","trml2a13d2ad","trml2d2340ac","trml6dee242c","trmlshtcts"],"locale":"hr","version":"10.12","enable_tracking":false,"source_schema":"apd-schema","platform":"mac","build_date":"2016.05.27-16:32:39","landing":"trml35501","product":"terminal","urls":{},"copyright":"","show_previous_next":false,"topics":{"apd53500956-7C5B-496B-A362-2845F2AAB4BC":{"name":"O skriptama ljuske","searchName":"O skriptama ljuske"},"trmlbe278009":{"name":"Izrada i upravljanje profilima"},"apdA3571AFE-48E3-4B52-BEC9-5D80327F2063":{"name":"Upravljajte varijablama firmvera NVRAM"},"apd7D247A89-3560-4C3B-A471-3E66FF607040":{"name":"Ponovno pokrenite računala"},"trml15233":{"name":"Ograničavanje broja redaka zadržanih u sesiji","searchName":"Izmjena količine teksta koji se zadržava u prozoru Terminala"},"trml35501":{"name":"Pomoć za Terminal","href":"trml35501.html","categories":["landing"]},"apd5265185D-F365-44CB-8B09-71A064A42125":{"name":"Pristupi ljusci","searchName":"Pristupite ljusci putem aplikacije Terminal"},"trmlb20c7888":{"name":"Otvaranje prozora i kartica","searchName":"Otvaranje prozora i kartica terminala"},"trml15226":{"name":"Promjena kursora","searchName":"Promjena kursora u Terminalu"},"apdB66B5242-0D18-49FC-9C47-A2498B7C91D5":{"name":"Provođenje naredbi i pokretanje alata"},"trml6909054d":{"name":"Unesite lozinku u prozor Terminala","searchName":"Unesite lozinku u Terminal"},"trml4299c696":{"name":"Importiranje i eksportiranje profila","searchName":"Importiranje i eksportiranje postavki terminala"},"trmlc69728a5":{"name":"Dozvoli povratne informacije od miša","searchName":"Uključi Izvještavanje putem miša u aplikaciji Terminal"},"trmlkbrd":{"name":"Postavke Tipkovnica","searchName":"Prozor Tipkovnica unutar postavki opcije Profili u Terminalu"},"trml20912":{"name":"Podešavanje audio ili vizualnog podsjetnika","searchName":"Podešavanje audio ili vizualnog podsjetnika u Terminalu"},"trml15228":{"name":"Promjena naslova koji se prikazuje u prozoru Terminala"},"apdBC6514EB-E106-4415-94E6-E71192085BC5":{"name":"Prikaži sadržaj mape"},"apd1DBE647B-7E11-49DC-AA76-89AA7E53CE36":{"name":"Preusmjeri ulaz i izlaz"},"trml5856b1f2":{"name":"Određivanje standardnih i pokretačkih profila"},"trml135fbc26":{"name":"Korištenje oznaka i knjižnih oznaka"},"apd8A205299-1C4C-4845-902A-6190E132B006":{"name":"Tražite tekst u datoteci"},"trml11412":{"name":"Pregled aplikacije Terminal"},"trmld1f46097":{"name":"Prikaz ili skrivanje alternativnog zaslona"},"trmlshll":{"name":"Postavke Ljuska","searchName":"Prozor Ljuska unutar postavki opcije Profili u Terminalu"},"trmlwindw":{"name":"Postavke Prozor","searchName":"Okno Prozor unutar postavki opcije Profili u Terminalu"},"trmltxt":{"name":"Postavke Tekst","searchName":"Prozor Tekst unutar postavki opcije Profili u Terminalu"},"apdA49A1BB2-577E-4721-8F25-FFC0836F6997":{"name":"Uređivanje popisa svojstava"},"trml103":{"name":"Prikaz znakova s mnogo bitova","searchName":"Prikaz znakova s mnogo bitova u Terminalu"},"apdC6C1077B-5D5D-4D35-9C19-60F2397B2369":{"name":"Upravljanje skriptama uz launchd"},"trml104":{"name":"Eksportiranje postavki profila","searchName":"Eksportiranje postavki Terminala"},"apd382CC5FA-4F58-4449-B20A-41C53C006F8F":{"name":"Koristite varijable okruženja"},"trml106":{"name":"Povlačenje datoteka u Terminal radi određivanja putanja"},"trml113":{"name":"Promjena standardne ljuske","searchName":"Promjena standardne ljuske u Terminalu"},"trml107":{"name":"Promjena izgleda prozora Terminala"},"trmlstrtup":{"name":"Postavke Općenito","searchName":"Postavke Općenito u aplikaciji Terminal"},"trml108":{"name":"Izrada vlastitih funkcijskih tipki","searchName":"Izrada vlastitih funkcijskih tipki u aplikaciji Terminal"},"trml109":{"name":"Sprječavanje neželjene detekcije pritisaka tipki","searchName":"Sprječavanje neželjene detekcije pritisaka tipki u Terminalu"},"apdD556274B-9CC9-4764-BBA8-87610A745747":{"name":"Pokrenite skriptu ljuske u određeno vrijeme"},"trmlshtcts":{"name":"Prečaci tipkovnice","searchName":"Prečaci tipkovnice aplikacije Terminal"},"apd5B0B6259-A7D4-4435-947D-0DFF528912BA":{"name":"Naredbe koje zahtijevaju korijenske ili administratorske ovlasti"},"trml11512":{"name":"Uređivanje prethodno korištenih naredbi","searchName":"Uređivanje nedavno korištenih naredbi u Terminalu"},"apd3CF6FE02-3EC8-48F1-951F-866E52955FC8":{"name":"Odredi datoteke i mape"},"trml1001":{"name":"Ispravljanje pravopisnih grešaka","searchName":"Ispravljanje pravopisnih grešaka u Terminalu"},"trml11513":{"name":"Pokretanje AppleScript skripta iz Terminala"},"apdDFB31307-3E90-432F-8AA7-7CBC05DB27F7":{"name":"Premještanje i kopiranje datoteka"},"trml15652":{"name":"Uporaba grupa prozora","searchName":"Automatsko otvaranje grupe prozora Terminala"},"trml1003":{"name":"Automatiziranje zadataka s pomoću aplikacije AppleScript"},"trmladvn":{"name":"Napredne postavke","searchName":"Prozor Napredno unutar postavki opcije Profili u aplikaciji Terminal"},"trml35615":{"name":"Ako se Terminal zvučno oglasi dok tipkate"},"apd0445A31B-28D0-4AD2-BC19-ABF64F36446B":{"name":"Promjena pokretačkog diska udaljenog računala"},"trml1020":{"name":"Korištenje OS X značajki pristupačnosti"},"trmlencd":{"name":"Postavke Kodiranja","searchName":"Postavke Kodiranja u aplikaciji Terminal"},"apdB02F1133-25AF-4C65-8976-159609F99817":{"name":"Uređivači tekstova komandnog retka","searchName":"Uređivači tekstova komandnog retka za OS X Server"},"apd9369B225-34E9-41B4-BC23-53C44B01BC07":{"name":"Isključite računala"},"apdD100908F-06B3-4E63-8A87-32E71241BAB4":{"name":"Podesite datoteku kao izvršnu"},"trmlwrkspc":{"name":"Postavke Grupe prozora","searchName":"Postavke Grupe prozora u aplikaciji Terminal"},"trml15220":{"name":"Omogućavanje kodiranja međunarodnih znakova","searchName":"Omogućavanje kodiranja međunarodnih znakova u Terminalu"},"trml1031":{"name":"Izrada kartica u prozoru aplikacije Terminala"},"trml1018":{"name":"Spajanje na poslužitelje","searchName":"Spajanje na poslužitelje u aplikaciji Terminal"},"trml1032":{"name":"Aktiviranje kodiranja međunarodnih znakova","searchName":"Aktiviranje kodiranja međunarodnih znakova u Terminalu"},"trml1019":{"name":"Kopiranje teksta u prozor Terminala"},"apdFB88006C-67FB-4982-965E-2E1AF25CD739":{"name":"O interaktivnom korištenju komandnog retka"},"trml1034":{"name":"Importiranje datoteke s postavkama","searchName":"Importiranje datoteke s postavkama aplikacije Terminal"},"agi":{"name":"Korištenje prečaca aplikacije Terminal","searchName":"Korištenje prečaca aplikacije Terminal u sustavu OS X"},"trmltab":{"name":"Postavke Kartica","searchName":"Prozor Kartica unutar postavki opcije Profili u Terminalu"},"apdC52250EE-4659-4751-9A3A-8B7988150530":{"name":"Komprimiranje i dekomprimiranje arhiva datoteka"}},"copyright_text":"Autorsko pravo © 2016 Apple Inc. Sva prava pridržana."}