{"css":"","framework":"duck-10.0.0","title":"Pääte-ohje","build_id":"5748ce65094622ab1714cca9","icon":"..\/SharedGlobalArt\/AppIconDefault_Terminal.png","sections":{"trml6dee242c":{"name":"Automatisoinnin ja skriptien käyttäminen","children":["apd53500956-7C5B-496B-A362-2845F2AAB4BC","apdD100908F-06B3-4E63-8A87-32E71241BAB4","apdC6C1077B-5D5D-4D35-9C19-60F2397B2369","apdD556274B-9CC9-4764-BBA8-87610A745747","trml1003","trml11513"]},"trml2a13d2ad":{"name":"Pääte-ikkunoissa työskenteleminen","children":["apd5265185D-F365-44CB-8B09-71A064A42125","apdB66B5242-0D18-49FC-9C47-A2498B7C91D5","apd3CF6FE02-3EC8-48F1-951F-866E52955FC8","apd1DBE647B-7E11-49DC-AA76-89AA7E53CE36","trml1001","trml106","trml15652"]},"trml2d2340ac":{"name":"Profiilien käyttäminen","children":["trmlbe278009","trml5856b1f2","trmlb20c7888","trml107","trml20912","trml15233","trml4299c696"]}},"birdseed_version":5,"toc":["trml11412","trml2a13d2ad","trml2d2340ac","trml6dee242c","trmlshtcts"],"locale":"fi","version":"10.12","enable_tracking":false,"source_schema":"apd-schema","platform":"mac","build_date":"2016.05.27-16:43:36","landing":"trml35501","product":"terminal","urls":{},"copyright":"","show_previous_next":false,"topics":{"apd53500956-7C5B-496B-A362-2845F2AAB4BC":{"name":"Tietoja komentotulkkiskripteistä","searchName":"Tietoja komentotulkkiskripteistä"},"trmlbe278009":{"name":"Profiilien luominen ja hallitseminen"},"apdA3571AFE-48E3-4B52-BEC9-5D80327F2063":{"name":"Laiteohjelmiston NVRAM-muuttujien käsitteleminen"},"apd7D247A89-3560-4C3B-A471-3E66FF607040":{"name":"Tietokoneiden käynnistäminen uudelleen"},"trml15233":{"name":"Istunnossa säilytettävien rivien määrän rajoittaminen","searchName":"Ikkunassa säilytettävän tekstin määrän muuttaminen Pääte-ikkunassa"},"trml35501":{"name":"Pääte-ohje","href":"trml35501.html","categories":["landing"]},"apd5265185D-F365-44CB-8B09-71A064A42125":{"name":"Komentotulkin käyttäminen","searchName":"Komentotulkin käyttäminen Pääte-ohjelmalla"},"trmlb20c7888":{"name":"Ikkunoiden ja välilehtien avaaminen","searchName":"Pääteikkunoiden ja -välilehtien avaaminen"},"trml15226":{"name":"Kohdistimen muuttaminen","searchName":"Kohdistimen muuttaminen Päätteessä"},"apdB66B5242-0D18-49FC-9C47-A2498B7C91D5":{"name":"Komentojen ja työkalujen suorittaminen"},"trml6909054d":{"name":"Salasanan syöttäminen Pääte-ikkunassa","searchName":"Salasanan syöttäminen Päätteessä"},"trml4299c696":{"name":"Profiilien tuominen ja vieminen","searchName":"Pääte-asetusten tuominen ja vieminen"},"trmlc69728a5":{"name":"Hiiren raportoinnin salliminen","searchName":"Hiiren raportoinnin laittaminen päälle Päätteessä"},"trmlkbrd":{"name":"Näppäimistö-asetukset","searchName":"Päätteen Profiilit-asetusten Näppäimistö-osio"},"trml20912":{"name":"Näkyvän tai kuuluvan varoituksen asettaminen","searchName":"Näkyvän tai kuuluvan varoituksen asettaminen Päätteessä"},"trml15228":{"name":"Pääte-ikkunassa näkyvän otsikon muuttaminen"},"apdBC6514EB-E106-4415-94E6-E71192085BC5":{"name":"Tiedoston sisällön katseleminen"},"apd1DBE647B-7E11-49DC-AA76-89AA7E53CE36":{"name":"Syötteen ja tulosteen uudelleenohjaaminen"},"trml5856b1f2":{"name":"Oletus- ja käynnistysprofiilien määrittäminen"},"trml135fbc26":{"name":"Merkkien ja kirjanmerkkien käyttäminen"},"apd8A205299-1C4C-4845-902A-6190E132B006":{"name":"Tekstin etsiminen tiedostosta"},"trml11412":{"name":"Päätteen yleiskatsaus"},"trmld1f46097":{"name":"Vaihtoehtoisen näytön näyttäminen ja kätkeminen"},"trmlshll":{"name":"Komentotulkki-asetukset","searchName":"Päätteen Profiilit-asetusten Komentotulkki-osio"},"trmlwindw":{"name":"Ikkuna-asetukset","searchName":"Päätteen Profiilit-asetusten Ikkuna-osio"},"trmltxt":{"name":"Teksti-asetukset","searchName":"Päätteen Profiilit-asetusten Teksti-osio"},"apdA49A1BB2-577E-4721-8F25-FFC0836F6997":{"name":"Ominaisuusluetteloiden muokkaaminen"},"trml103":{"name":"Monitavuisten merkkien esittäminen","searchName":"Monitavuisten merkkien esittäminen Päätteessä"},"apdC6C1077B-5D5D-4D35-9C19-60F2397B2369":{"name":"Skriptien hallitseminen launchd:llä"},"trml104":{"name":"Profiiliasetusten vieminen","searchName":"Pääte-asetusten vieminen"},"apd382CC5FA-4F58-4449-B20A-41C53C006F8F":{"name":"Ympäristömuuttujien käyttäminen"},"trml106":{"name":"Tiedostojen vetäminen Päätteeseen polkujen määrittämistä varten"},"trml113":{"name":"Oletuskomentotulkin vaihtaminen","searchName":"Päätteen oletuskomentotulkin vaihtaminen"},"trml107":{"name":"Pääte-ikkunoiden ulkonäön muuttaminen"},"trmlstrtup":{"name":"Yleiset-asetukset","searchName":"Päätteen Yleiset-asetukset"},"trml108":{"name":"Muokattujen toimintonäppäinten luominen","searchName":"Muokattujen toimintonäppäinten luominen Päätteessä"},"trml109":{"name":"Näppäinpainallusten ei-toivotun havaitsemisen estäminen","searchName":"Näppäinpainallusten ei-toivotun havaitsemisen estäminen Päätteessä"},"apdD556274B-9CC9-4764-BBA8-87610A745747":{"name":"Komentotulkkiskriptin suorittaminen tiettynä aikana"},"trmlshtcts":{"name":"Näppäinoikotiet","searchName":"Päätteen näppäinoikotiet"},"apd5B0B6259-A7D4-4435-947D-0DFF528912BA":{"name":"rootin tai ylläpitäjän oikeudet vaativat komennot"},"trml11512":{"name":"Äskettäin käytettyjen komentojen muokkaaminen","searchName":"Äskettäin käytettyjen komentojen muokkaaminen Päätteessä"},"apd3CF6FE02-3EC8-48F1-951F-866E52955FC8":{"name":"Tiedostojen ja kansioiden määrittäminen"},"trml1001":{"name":"Kirjoitusvirheiden korjaaminen","searchName":"Kirjoitusvirheiden korjaaminen Päätteessä"},"trml11513":{"name":"AppleScriptien suorittaminen Päätteen avulla"},"apdDFB31307-3E90-432F-8AA7-7CBC05DB27F7":{"name":"Tiedostojen siirtäminen ja kopioiminen"},"trml15652":{"name":"Ikkunaryhmien käyttäminen","searchName":"Pääte-ikkunoiden ryhmän avaaminen automaattisesti"},"trml1003":{"name":"Tehtävien automatisoiminen AppleScriptillä"},"trmladvn":{"name":"Lisävalinnat-asetukset","searchName":"Päätteen Profiilit-asetusten Lisävalinnat-osio"},"trml35615":{"name":"Jos Pääte antaa äänimerkin, kun kirjoitat"},"apd0445A31B-28D0-4AD2-BC19-ABF64F36446B":{"name":"Etätietokoneen käynnistyslevyn vaihtaminen"},"trml1020":{"name":"OS X:n käyttöapuominaisuuksien käyttäminen"},"trmlencd":{"name":"Koodaukset-asetukset","searchName":"Päätteen Koodaukset-asetukset"},"apdB02F1133-25AF-4C65-8976-159609F99817":{"name":"Komentorivitekstieditorit","searchName":"OS X Serverin komentorivitekstieditorit"},"apd9369B225-34E9-41B4-BC23-53C44B01BC07":{"name":"Tietokoneiden sammuttaminen"},"apdD100908F-06B3-4E63-8A87-32E71241BAB4":{"name":"Tiedoston tekeminen suoritettavaksi"},"trmlwrkspc":{"name":"Ikkunaryhmät-asetukset","searchName":"Päätteen Ikkunaryhmät-asetukset"},"trml15220":{"name":"Kansainvälisten merkkikoodausten ottaminen käyttöön","searchName":"Kansainvälisten merkkikoodausten ottaminen käyttöön Päätteessä"},"trml1031":{"name":"Välilehtien luominen Pääte-ikkunassa"},"trml1018":{"name":"Yhteyden muodostaminen palvelimiin","searchName":"Yhteyden muodostaminen palvelimiin Päätteessä"},"trml1032":{"name":"Kansainvälisten merkkikoodausten ottaminen käyttöön","searchName":"Kansainvälisten merkkikoodausten ottaminen käyttöön Päätteessä"},"trml1019":{"name":"Tekstin kopioiminen Pääte-ikkunaan"},"apdFB88006C-67FB-4982-965E-2E1AF25CD739":{"name":"Tietoja komentorivin käyttämisestä interaktiivisesti"},"trml1034":{"name":"Asetustiedoston tuominen","searchName":"Päätteen asetustiedoston tuominen"},"agi":{"name":"Pääte-oikoteiden käyttäminen","searchName":"Pääte-oikoteiden käyttäminen OS X:ssä"},"trmltab":{"name":"Välilehti-asetukset","searchName":"Päätteen Profiilit-asetusten Välilehti-osio"},"apdC52250EE-4659-4751-9A3A-8B7988150530":{"name":"Tiedostojen pakkaaminen ja purkaminen"}},"copyright_text":"Copyright © 2016 Apple Inc. Kaikki oikeudet pidätetään."}