{"css":"","framework":"duck-10.0.0","title":"Справка Терминала","build_id":"5748ce6d094622ab1714ccda","icon":"..\/SharedGlobalArt\/AppIconDefault_Terminal.png","sections":{"trml6dee242c":{"name":"Использование автоматизации задач и скриптов","children":["apd53500956-7C5B-496B-A362-2845F2AAB4BC","apdD100908F-06B3-4E63-8A87-32E71241BAB4","apdC6C1077B-5D5D-4D35-9C19-60F2397B2369","apdD556274B-9CC9-4764-BBA8-87610A745747","trml1003","trml11513"]},"trml2a13d2ad":{"name":"Работа в окнах Терминала","children":["apd5265185D-F365-44CB-8B09-71A064A42125","apdB66B5242-0D18-49FC-9C47-A2498B7C91D5","apd3CF6FE02-3EC8-48F1-951F-866E52955FC8","apd1DBE647B-7E11-49DC-AA76-89AA7E53CE36","trml1001","trml106","trml15652"]},"trml2d2340ac":{"name":"Использование профилей","children":["trmlbe278009","trml5856b1f2","trmlb20c7888","trml107","trml20912","trml15233","trml4299c696"]}},"birdseed_version":5,"toc":["trml11412","trml2a13d2ad","trml2d2340ac","trml6dee242c","trmlshtcts"],"locale":"ru","version":"10.12","enable_tracking":false,"source_schema":"apd-schema","platform":"mac","build_date":"2016.05.27-16:38:27","landing":"trml35501","product":"terminal","urls":{},"copyright":"","show_previous_next":false,"topics":{"apd53500956-7C5B-496B-A362-2845F2AAB4BC":{"name":"О shell-скриптах","searchName":"О shell-скриптах"},"trmlbe278009":{"name":"Создание и управление профилями"},"apdA3571AFE-48E3-4B52-BEC9-5D80327F2063":{"name":"Операции с переменными NVRAM прошивки"},"apd7D247A89-3560-4C3B-A471-3E66FF607040":{"name":"Перезагрузка компьютеров"},"trml15233":{"name":"Ограничение количества строк, видимых в сеансе","searchName":"Изменение объема текста, сохраняемого в буфере окна Терминала"},"trml35501":{"name":"Справка Терминала","href":"trml35501.html","categories":["landing"]},"apd5265185D-F365-44CB-8B09-71A064A42125":{"name":"Доступ к shell","searchName":"Доступ к shell с помощью программы «Терминал»"},"trmlb20c7888":{"name":"Открытие окон и вкладок","searchName":"Открытие окон и вкладок Терминала"},"trml15226":{"name":"Изменение курсора","searchName":"Изменение курсора в программе «Терминал»"},"apdB66B5242-0D18-49FC-9C47-A2498B7C91D5":{"name":"Выполнение команд и запуск инструментов"},"trml6909054d":{"name":"Ввод пароля в окне программы «Терминал»","searchName":"Ввод пароля в программе «Терминал»"},"trml4299c696":{"name":"Импорт и экспорт профилей","searchName":"Импорт и экспорт настроек Терминала"},"trmlc69728a5":{"name":"Разрешение отчетов об использовании мыши","searchName":"Включение отчетов об использовании мыши в программе «Терминал»"},"trmlkbrd":{"name":"Настройки клавиатуры","searchName":"Панель «Клавиатура» в разделе настроек «Профили» программы «Терминал»"},"trml20912":{"name":"Настройка звуковых или визуальных предупреждений","searchName":"Настройка звуковых или визуальных предупреждений в программе «Терминал»"},"trml15228":{"name":"Изменение названия, отображаемого в окне программы «Терминала»"},"apdBC6514EB-E106-4415-94E6-E71192085BC5":{"name":"Просмотр содержимого файла"},"apd1DBE647B-7E11-49DC-AA76-89AA7E53CE36":{"name":"Перенаправление ввода и вывода"},"trml5856b1f2":{"name":"Выбор профиля по умолчанию и загрузочного профиля"},"trml135fbc26":{"name":"Использование меток и закладок"},"apd8A205299-1C4C-4845-902A-6190E132B006":{"name":"Поиск текста в файле"},"trml11412":{"name":"Общие сведения о программе «Терминал»"},"trmld1f46097":{"name":"Отображение или скрытие альтернативного экрана"},"trmlshll":{"name":"Настройки shell","searchName":"Панель «Shell» в разделе настроек «Профили» программы «Терминал»"},"trmlwindw":{"name":"Настройки окна","searchName":"Панель «Окно» в разделе настроек «Профили» программы «Терминал»"},"trmltxt":{"name":"Настройки текста","searchName":"Панель «Текст» в разделе настроек «Профили» программы «Терминал»"},"apdA49A1BB2-577E-4721-8F25-FFC0836F6997":{"name":"Редактирование списков свойств"},"trml103":{"name":"Отображение высокоразрядных символов","searchName":"Отображение высокоразрядных символов в программе «Терминал»"},"apdC6C1077B-5D5D-4D35-9C19-60F2397B2369":{"name":"Управление скриптом с помощью launchd"},"trml104":{"name":"Экспорт настроек профиля","searchName":"Экспорт настроек в программе «Терминал»"},"apd382CC5FA-4F58-4449-B20A-41C53C006F8F":{"name":"Использование переменных среды"},"trml106":{"name":"Перетягивание файлов в окно Терминала для определения пути файла"},"trml113":{"name":"Изменение shell по умолчанию","searchName":"Изменение shell по умолчанию в Терминале"},"trml107":{"name":"Изменение внешнего вида окон программы «Терминал"},"trmlstrtup":{"name":"Настройки в панели «Основные»","searchName":"Основные настройки программы «Терминал»"},"trml108":{"name":"Создание индивидуальных функциональных клавиш","searchName":"Создание индивидуальных функциональных клавиш в программе «Терминал»"},"trml109":{"name":"Предупреждение нежелательных нажатий клавиш","searchName":"Предупреждение нежелательных нажатий клавиш в программе «Терминал»"},"apdD556274B-9CC9-4764-BBA8-87610A745747":{"name":"Запуск shell-скрипта в определенное время"},"trmlshtcts":{"name":"Сочетания клавиш","searchName":"Terminal keyboard shortcuts"},"apd5B0B6259-A7D4-4435-947D-0DFF528912BA":{"name":"Команды, которые требуют прав корневого пользователя или администратора"},"trml11512":{"name":"Редактирование ранее использованных команд","searchName":"Редактирование недавно использованных команд в программе «Терминал»"},"apd3CF6FE02-3EC8-48F1-951F-866E52955FC8":{"name":"Указание файлов и папок"},"trml1001":{"name":"Исправление ошибок ввода с клавиатуры","searchName":"Исправление опечаток в программе «Терминал»"},"trml11513":{"name":"Запуск скриптов AppleScript в программе «Терминал»"},"apdDFB31307-3E90-432F-8AA7-7CBC05DB27F7":{"name":"Перемещение и копирование файлов"},"trml15652":{"name":"Использование групп окон","searchName":"Автоматическое открытие группы окон Терминала"},"trml1003":{"name":"Автоматизация задач с помощью AppleScript"},"trmladvn":{"name":"Дополнительные настройки","searchName":"Панель «Дополнения» в разделе настроек «Профили» программы «Терминал»"},"trml35615":{"name":"Если при вводе текста в Терминале раздается сигнал"},"apd0445A31B-28D0-4AD2-BC19-ABF64F36446B":{"name":"Изменение загрузочного тома удаленного компьютера"},"trml1020":{"name":"Использование функций универсального доступа OS X"},"trmlencd":{"name":"Настройки кодировок","searchName":"Раздел настроек «Кодировки» программы «Терминал»"},"apdB02F1133-25AF-4C65-8976-159609F99817":{"name":"Текстовые редакторы командной строки","searchName":"Текстовые редакторы командной строки для OS X Server"},"apd9369B225-34E9-41B4-BC23-53C44B01BC07":{"name":"Выключение компьютеров"},"apdD100908F-06B3-4E63-8A87-32E71241BAB4":{"name":"Превращение файла в исполняемый файл"},"trmlwrkspc":{"name":"Настройки групп окон","searchName":"Раздел настроек «Группы окон» программы «Терминал»"},"trml15220":{"name":"Подключение региональных кодировок символов","searchName":"Подключение региональных кодировок символов в программе «Терминал»"},"trml1031":{"name":"Создание вкладок в окне Терминала"},"trml1018":{"name":"Подключение к серверам","searchName":"Подключение к серверам в программе «Терминал»"},"trml1032":{"name":"Подключение региональных кодировок символов","searchName":"Подключение региональных кодировок символов в программе «Терминал»"},"trml1019":{"name":"Копирование текста в окно программы «Терминал»"},"apdFB88006C-67FB-4982-965E-2E1AF25CD739":{"name":"Об интерактивном использовании командной строки"},"trml1034":{"name":"Импорт файла настроек","searchName":"Импорт файла настроек Терминала"},"agi":{"name":"Использование сочетаний клавиш Терминала","searchName":"Использование сочетаний клавиш Терминала в OS X"},"trmltab":{"name":"Настройки вкладки","searchName":"Панель «Вкладка» в разделе настроек «Профили» программы «Терминал»"},"apdC52250EE-4659-4751-9A3A-8B7988150530":{"name":"Сжатие и распаковка файловых архивов"}},"copyright_text":"Copyright © 2016 Apple Inc. Все права защищены."}