{"css":"","framework":"duck-10.0.0","title":"Terminal-Hilfe","build_id":"5748ce66094622ab1714ccb0","icon":"..\/SharedGlobalArt\/AppIconDefault_Terminal.png","sections":{"trml6dee242c":{"name":"Verwenden von Automatisierung und Skripts","children":["apd53500956-7C5B-496B-A362-2845F2AAB4BC","apdD100908F-06B3-4E63-8A87-32E71241BAB4","apdC6C1077B-5D5D-4D35-9C19-60F2397B2369","apdD556274B-9CC9-4764-BBA8-87610A745747","trml1003","trml11513"]},"trml2a13d2ad":{"name":"Arbeiten in Terminal-Fenstern","children":["apd5265185D-F365-44CB-8B09-71A064A42125","apdB66B5242-0D18-49FC-9C47-A2498B7C91D5","apd3CF6FE02-3EC8-48F1-951F-866E52955FC8","apd1DBE647B-7E11-49DC-AA76-89AA7E53CE36","trml1001","trml106","trml15652"]},"trml2d2340ac":{"name":"Benutzerprofile","children":["trmlbe278009","trml5856b1f2","trmlb20c7888","trml107","trml20912","trml15233","trml4299c696"]}},"birdseed_version":5,"toc":["trml11412","trml2a13d2ad","trml2d2340ac","trml6dee242c","trmlshtcts"],"locale":"de","version":"10.12","enable_tracking":false,"source_schema":"apd-schema","platform":"mac","build_date":"2016.05.27-16:32:10","landing":"trml35501","product":"terminal","urls":{},"copyright":"","show_previous_next":false,"topics":{"apd53500956-7C5B-496B-A362-2845F2AAB4BC":{"name":"Shell-Skripts","searchName":"Shell-Skripts"},"trmlbe278009":{"name":"Erstellen und Verwalten von Profilen"},"apdA3571AFE-48E3-4B52-BEC9-5D80327F2063":{"name":"Bearbeiten von NVRAM-Variablen in Firmware"},"apd7D247A89-3560-4C3B-A471-3E66FF607040":{"name":"Neustarten der Computer"},"trml15233":{"name":"Festlegen, wie viele Zeilen während einer Sitzung im Zeilenpuffer bleiben sollen","searchName":"Ändern des Textpuffers für ein Terminal-Fenster"},"trml35501":{"name":"Terminal-Hilfe","href":"trml35501.html","categories":["landing"]},"apd5265185D-F365-44CB-8B09-71A064A42125":{"name":"Zugreifen auf die Shell","searchName":"Zugreifen auf die Shell mit der App „Terminal“"},"trmlb20c7888":{"name":"Öffnen von Fenstern und Tabs","searchName":"Öffnen von Terminal-Fenstern und -Tabs"},"trml15226":{"name":"Ändern des Cursors","searchName":"Ändern des Cursors in Terminal"},"apdB66B5242-0D18-49FC-9C47-A2498B7C91D5":{"name":"Ausführen von Befehlen und Verwenden von Programmen"},"trml6909054d":{"name":"Eingeben eines Passworts im Terminal-Fenster","searchName":"Eingeben eines Passworts in Terminal"},"trml4299c696":{"name":"Importieren und Exportieren von Profilen","searchName":"Importieren und Exportieren von Terminal-Einstellungen"},"trmlc69728a5":{"name":"Erlauben von Mouse-Reporting","searchName":"Aktivieren von Mouse-Reporting in Terminal"},"trmlkbrd":{"name":"Tastatureinstellungen","searchName":"Bereich „Tastatur“ der Einstellungen für Profile in Terminal"},"trml20912":{"name":"Festlegen eines akustischen oder visuellen Warnsignals","searchName":"Festlegen eines akustischen oder visuellen Warnsignals in Terminal"},"trml15228":{"name":"Ändern des in einem Terminal-Fenster angezeigten Titels"},"apdBC6514EB-E106-4415-94E6-E71192085BC5":{"name":"Anzeigen des Inhalts von Dateien"},"apd1DBE647B-7E11-49DC-AA76-89AA7E53CE36":{"name":"Umleiten von Ein- und Ausgabe"},"trml5856b1f2":{"name":"Festlegen von Standard- und Startprofilen"},"trml135fbc26":{"name":"Verwenden von Markierungen und Lesezeichen"},"apd8A205299-1C4C-4845-902A-6190E132B006":{"name":"Suchen von Text in einer Datei"},"trml11412":{"name":"Terminal – Übersicht"},"trmld1f46097":{"name":"Ein- und Ausblenden des alternativen Bildschirms"},"trmlshll":{"name":"Shell-Einstellungen","searchName":"Bereich „Shell“ der Einstellungen für Profile in Terminal"},"trmlwindw":{"name":"Fenstereinstellungen","searchName":"Bereich „Fenster“ der Einstellungen für Profile in Terminal"},"trmltxt":{"name":"Texteinstellungen","searchName":"Bereich „Text“ der Einstellungen für Profile in Terminal"},"apdA49A1BB2-577E-4721-8F25-FFC0836F6997":{"name":"Bearbeiten von Eigenschaftslisten"},"trml103":{"name":"Anzeigen von High-Bit-Zeichen","searchName":"Anzeigen von High-Bit-Zeichen in Terminal"},"apdC6C1077B-5D5D-4D35-9C19-60F2397B2369":{"name":"Skriptverwaltung mit launchd"},"trml104":{"name":"Exportieren von Profileinstellungen","searchName":"Exportieren von Terminal-Einstellungen"},"apd382CC5FA-4F58-4449-B20A-41C53C006F8F":{"name":"Verwenden von Umgebungsvariablen"},"trml106":{"name":"Bewegen von Dateien in Terminal zur Pfadangabe"},"trml113":{"name":"Ändern der Standard-Shell","searchName":"Ändern der Standard-Shell in Terminal"},"trml107":{"name":"Ändern der Darstellung von Terminal-Fenstern"},"trmlstrtup":{"name":"Einstellungen im Bereich „Allgemein“","searchName":"Bereich „Allgemein“ in den Einstellungen in Terminal"},"trml108":{"name":"Definieren eigener Funktionstasten","searchName":"Definieren eigener Funktionstasten in Terminal"},"trml109":{"name":"Unterbinden der nicht gewünschten Ermittlung von Tastenanschlägen","searchName":"Unterbinden der nicht gewünschten Ermittlung von Tastenanschlägen in Terminal"},"apdD556274B-9CC9-4764-BBA8-87610A745747":{"name":"Ausführen eines Shell-Skripts zu bestimmten Zeiten"},"trmlshtcts":{"name":"Tastaturkurzbefehle","searchName":"Terminal-Tastaturkurzbefehle"},"apd5B0B6259-A7D4-4435-947D-0DFF528912BA":{"name":"Befehle, die root- oder Administratorrechte erfordern"},"trml11512":{"name":"Bearbeiten zuvor verwendeter Befehle","searchName":"Bearbeiten zuletzt verwendeter Befehle in Terminal"},"apd3CF6FE02-3EC8-48F1-951F-866E52955FC8":{"name":"Angeben von Dateien und Ordnern"},"trml1001":{"name":"Berichtigen von Tippfehlern","searchName":"Berichtigen von Tippfehlern in Terminal"},"trml11513":{"name":"Ausführen von AppleScript-Skripts in Terminal"},"apdDFB31307-3E90-432F-8AA7-7CBC05DB27F7":{"name":"Bewegen und Kopieren von Dateien"},"trml15652":{"name":"Verwenden von Fenstergruppen","searchName":"Automatisches Öffnen einer Terminal-Fenstergruppe"},"trml1003":{"name":"Automatisieren von Aufgaben mithilfe von AppleScript"},"trmladvn":{"name":"Einstellungen für „Erweitert“","searchName":"Bereich „Erweitert“ der Einstellungen für Profile in Terminal"},"trml35615":{"name":"Terminal gibt bei der Eingabe akustische Signale aus"},"apd0445A31B-28D0-4AD2-BC19-ABF64F36446B":{"name":"Ändern des Startvolumes eines entfernten Computers"},"trml1020":{"name":"Verwenden der OS X Bedienungshilfen"},"trmlencd":{"name":"Einstellungen für Codierungen","searchName":"Bereich „Codierungen“ in den Einstellungen in Terminal"},"apdB02F1133-25AF-4C65-8976-159609F99817":{"name":"Texteditoren für die Befehlszeile","searchName":"Texteditoren für die Befehlszeile in OS X Server"},"apd9369B225-34E9-41B4-BC23-53C44B01BC07":{"name":"Ausschalten von Computern"},"apdD100908F-06B3-4E63-8A87-32E71241BAB4":{"name":"Definieren einer Datei als ausführbar"},"trmlwrkspc":{"name":"Einstellungen für Fenstergruppen","searchName":"Bereich „Fenstergruppen“ in den Einstellungen in Terminal"},"trml15220":{"name":"Aktivieren internationaler Zeichencodierungen","searchName":"Aktivieren internationaler Zeichencodierungen in Terminal"},"trml1031":{"name":"Erstellen von Tabs in einem Terminal-Fenster"},"trml1018":{"name":"Herstellen einer Verbindung zu Servern","searchName":"Herstellen einer Verbindung zu Servern mit Terminal"},"trml1032":{"name":"Aktivieren internationaler Zeichencodierungen","searchName":"Aktivieren internationaler Zeichencodierungen in Terminal"},"trml1019":{"name":"Kopieren von Text in ein Terminal-Fenster"},"apdFB88006C-67FB-4982-965E-2E1AF25CD739":{"name":"Interaktive Verwendung der Befehlszeilen-Shell"},"trml1034":{"name":"Importieren einer Einstellungsdatei","searchName":"Importieren einer Terminal-Einstellungsdatei"},"agi":{"name":"Verwenden von Terminal-Kurzbefehlen","searchName":"Verwenden von Terminal-Kurzbefehlen in OS X"},"trmltab":{"name":"Tab-Einstellungen","searchName":"Bereich „Tab“ der Einstellungen für Profile in Terminal"},"apdC52250EE-4659-4751-9A3A-8B7988150530":{"name":"Komprimieren und Dekomprimieren von Dateiarchiven"}},"copyright_text":"Copyright © 2016 Apple Inc. Alle Rechte vorbehalten."}