{"css":"","framework":"duck-10.0.0","title":"مساعدة الوحدة الطرفية","build_id":"5748ce6f094622ab1714cce1","icon":"..\/SharedGlobalArt\/AppIconDefault_Terminal.png","sections":{"trml6dee242c":{"name":"استخدام التنفيذ التلقائي والبرامج النصية","children":["apd53500956-7C5B-496B-A362-2845F2AAB4BC","apdD100908F-06B3-4E63-8A87-32E71241BAB4","apdC6C1077B-5D5D-4D35-9C19-60F2397B2369","apdD556274B-9CC9-4764-BBA8-87610A745747","trml1003","trml11513"]},"trml2a13d2ad":{"name":"العمل في نوافذ الوحدة الطرفية","children":["apd5265185D-F365-44CB-8B09-71A064A42125","apdB66B5242-0D18-49FC-9C47-A2498B7C91D5","apd3CF6FE02-3EC8-48F1-951F-866E52955FC8","apd1DBE647B-7E11-49DC-AA76-89AA7E53CE36","trml1001","trml106","trml15652"]},"trml2d2340ac":{"name":"استخدام ملفات التعريف","children":["trmlbe278009","trml5856b1f2","trmlb20c7888","trml107","trml20912","trml15233","trml4299c696"]}},"birdseed_version":5,"toc":["trml11412","trml2a13d2ad","trml2d2340ac","trml6dee242c","trmlshtcts"],"locale":"ar","version":"10.12","enable_tracking":false,"source_schema":"apd-schema","platform":"mac","build_date":"2016.05.27-16:40:01","landing":"trml35501","product":"terminal","urls":{},"copyright":"","show_previous_next":false,"topics":{"apd53500956-7C5B-496B-A362-2845F2AAB4BC":{"name":"حول برامج shell النصية","searchName":"حول برامج shell النصية"},"trmlbe278009":{"name":"إنشاء وإدارة ملفات التعريف"},"apdA3571AFE-48E3-4B52-BEC9-5D80327F2063":{"name":"معالجة متغيرات NVRAM للبرنامج الثابت"},"apd7D247A89-3560-4C3B-A471-3E66FF607040":{"name":"إعادة تشغيل أجهزة الكمبيوتر"},"trml15233":{"name":"تحديد عدد الصفوف المحتفظ به في الجلسة","searchName":"تعديل مقدار النص المحتفظ به في نافذة الوحدة الطرفية"},"trml35501":{"name":"مساعدة الوحدة الطرفية","href":"trml35501.html","categories":["landing"]},"apd5265185D-F365-44CB-8B09-71A064A42125":{"name":"الوصول إلى shell","searchName":"الوصول إلى shell باستخدام تطبيق الوحدة الطرفية"},"trmlb20c7888":{"name":"فتح النوافذ وعلامات التبويب","searchName":"فتح نوافذ وعلامات تبويب الوحدة الطرفية"},"trml15226":{"name":"تغيير المؤشر","searchName":"تغيير المؤشر في الوحدة الطرفية"},"apdB66B5242-0D18-49FC-9C47-A2498B7C91D5":{"name":"تنفيذ الأوامر وتشغيل الأدوات"},"trml6909054d":{"name":"إدخال كلمة سر في نافذة الوحدة الطرفية","searchName":"إدخال كلمة سر في الوحدة الطرفية"},"trml4299c696":{"name":"استيراد ملفات التعريف وتصديرها","searchName":"استيراد إعدادات الوحدة الطرفية وتصديرها"},"trmlc69728a5":{"name":"السماح بالإبلاغ عن الماوس","searchName":"تشغيل الإبلاغ عن الماوس في الوحدة الطرفية"},"trmlkbrd":{"name":"تفضيلات لوحة المفاتيح","searchName":"جزء لوحة المفاتيح من تفضيلات ملفات التعريف في الوحدة الطرفية"},"trml20912":{"name":"تعيين تنبيه صوتي أو مرئي","searchName":"تعيين تنبيه صوتي أو مرئي في الوحدة الطرفية"},"trml15228":{"name":"تغيير العنوان المعروض في نافذة الوحدة الطرفية"},"apdBC6514EB-E106-4415-94E6-E71192085BC5":{"name":"عرض محتويات الملف"},"apd1DBE647B-7E11-49DC-AA76-89AA7E53CE36":{"name":"إعادة توجيه الإدخال والإخراج"},"trml5856b1f2":{"name":"تحديد ملفات التعريف الافتراضية والخاصة ببدء التشغيل"},"trml135fbc26":{"name":"استخدام علامات وإشارات مرجعية"},"apd8A205299-1C4C-4845-902A-6190E132B006":{"name":"البحث عن نص في ملف"},"trml11412":{"name":"عرض عام لتطبيق الوحدة الطرفية"},"trmld1f46097":{"name":"عرض أو إخفاء الشاشة البديلة"},"trmlshll":{"name":"تفضيلات Shell","searchName":"جزء Shell من تفضيلات ملفات التعريف في الوحدة الطرفية"},"trmlwindw":{"name":"تفضيلات النافذة","searchName":"جزء نافذة من تفضيلات ملفات التعريف في الوحدة الطرفية"},"trmltxt":{"name":"تفضيلات النص","searchName":"جزء نص من تفضيلات ملفات التعريف في الوحدة الطرفية"},"apdA49A1BB2-577E-4721-8F25-FFC0836F6997":{"name":"تحرير قوائم الخصائص"},"trml103":{"name":"عرض الأحرف ذات وحدات البت العالية","searchName":"عرض الأحرف ذات وحدات البت العالية في الوحدة الطرفية"},"apdC6C1077B-5D5D-4D35-9C19-60F2397B2369":{"name":"إدارة البرنامج النصي باستخدام launchd"},"trml104":{"name":"تصدير إعدادات ملف التعريف","searchName":"تصدير إعدادات الوحدة الطرفية"},"apd382CC5FA-4F58-4449-B20A-41C53C006F8F":{"name":"استخدام متغيرات البيئة"},"trml106":{"name":"سحب الملفات إلى الوحدة الطرفية لتحديد المسارات"},"trml113":{"name":"تغيير shell الافتراضي","searchName":"تغيير shell الافتراضي في الوحدة الطرفية"},"trml107":{"name":"تغيير مظهر نوافذ الوحدة الطرفية"},"trmlstrtup":{"name":"التفضيلات العامة","searchName":"التفضيلات العامة في المحطة الطرفية"},"trml108":{"name":"إنشاء مفاتيح وظائف مخصصة","searchName":"إنشاء مفاتيح وظائف مخصصة في الوحدة الطرفية"},"trml109":{"name":"منع التعرف غير المرغوب فيه على ضغط المفاتيح","searchName":"منع التعرف غير المرغوب فيه على ضغط المفاتيح"},"apdD556274B-9CC9-4764-BBA8-87610A745747":{"name":"تشغيل برنامج shell نصي في أوقات معينة"},"trmlshtcts":{"name":"اختصارات لوحة المفاتيح","searchName":"Terminal keyboard shortcuts"},"apd5B0B6259-A7D4-4435-947D-0DFF528912BA":{"name":"الأوامر التي تتطلب امتيازات المسؤول أو root"},"trml11512":{"name":"تحرير الأوامر التي تم استخدامها سابقًا","searchName":"تحرير الأوامر المستخدمة مؤخرًا في الوحدة الطرفية"},"apd3CF6FE02-3EC8-48F1-951F-866E52955FC8":{"name":"تحديد الملفات والمجلدات"},"trml1001":{"name":"تصحيح أخطاء الكتابة","searchName":"تصحيح أخطاء الكتابة في الوحدة الطرفية"},"trml11513":{"name":"تشغيل البرامج النصية لـ AppleScript من الوحدة الطرفية"},"apdDFB31307-3E90-432F-8AA7-7CBC05DB27F7":{"name":"نقل ونسخ الملفات"},"trml15652":{"name":"استخدام مجموعات النوافذ","searchName":"فتح مجموعة نوافذ بالوحدة الطرفية تلقائيًا"},"trml1003":{"name":"التنفيذ التلقائي للمهام باستخدام AppleScript"},"trmladvn":{"name":"التفضيلات المتقدمة","searchName":"جزء متقدم من تفضيلات ملفات التعريف في الوحدة الطرفية"},"trml35615":{"name":"إذا أصدرت الوحدة الطرفية إشارة صوتية أثناء الكتابة"},"apd0445A31B-28D0-4AD2-BC19-ABF64F36446B":{"name":"تغيير قرص بدء التشغيل لكمبيوتر بعيد"},"trml1020":{"name":"استخدام ميزات إمكانية الوصول في OS X"},"trmlencd":{"name":"تفضيلات الترميزات","searchName":"تفضيلات الترميزات في الوحدة الطرفية"},"apdB02F1133-25AF-4C65-8976-159609F99817":{"name":"برامج تحرير نصوص سطر الأوامر","searchName":"برامج تحرير نصوص سطر الأوامر لـ OS X Server"},"apd9369B225-34E9-41B4-BC23-53C44B01BC07":{"name":"إيقاف تشغيل أجهزة الكمبيوتر"},"apdD100908F-06B3-4E63-8A87-32E71241BAB4":{"name":"جعل الملف قابل للتنفيذ"},"trmlwrkspc":{"name":"تفضيلات مجموعات النوافذ","searchName":"تفضيلات مجموعات النوافذ في الوحدة الطرفية"},"trml15220":{"name":"تمكين ترميزات الأحرف الدولية","searchName":"تمكين ترميزات الأحرف الدولية في الوحدة الطرفية"},"trml1031":{"name":"إنشاء علامات تبويب في نافذة الوحدة الطرفية"},"trml1018":{"name":"اتصال بالخوادم","searchName":"الاتصال بالخوادم في الوحدة الطرفية"},"trml1032":{"name":"تنشيط ترميزات الأحرف الدولية","searchName":"تنشيط ترميزات الأحرف الدولية في الوحدة الطرفية"},"trml1019":{"name":"نسخ النص إلى نافذة الوحدة الطرفية"},"apdFB88006C-67FB-4982-965E-2E1AF25CD739":{"name":"حول استخدام سطر الأوامر بشكل تفاعلي"},"trml1034":{"name":"استيراد ملف إعدادات","searchName":"استيراد ملف إعدادات في الوحدة الطرفية"},"agi":{"name":"استخدام اختصارات الوحدة الطرفية","searchName":"استخدام اختصارات الوحدة الطرفية في OS X"},"trmltab":{"name":"تفضيلات علامة التبويب","searchName":"جزء علامة تبويب من تفضيلات ملفات التعريف في الوحدة الطرفية"},"apdC52250EE-4659-4751-9A3A-8B7988150530":{"name":"ضغط أرشيفات الملفات وفك ضغطها"}},"copyright_text":"‏‎Copyright © 2016 Apple Inc.‎ كافة الحقوق محفوظة."}