{"css":"","framework":"duck-10.0.0","title":"「終端機」輔助說明","build_id":"5748ce56094622ab1714cc55","icon":"..\/SharedGlobalArt\/AppIconDefault_Terminal.png","sections":{"trml6dee242c":{"name":"使用自動化和工序指令","children":["apd53500956-7C5B-496B-A362-2845F2AAB4BC","apdD100908F-06B3-4E63-8A87-32E71241BAB4","apdC6C1077B-5D5D-4D35-9C19-60F2397B2369","apdD556274B-9CC9-4764-BBA8-87610A745747","trml1003","trml11513"]},"trml2a13d2ad":{"name":"在「終端機」視窗中作業","children":["apd5265185D-F365-44CB-8B09-71A064A42125","apdB66B5242-0D18-49FC-9C47-A2498B7C91D5","apd3CF6FE02-3EC8-48F1-951F-866E52955FC8","apd1DBE647B-7E11-49DC-AA76-89AA7E53CE36","trml1001","trml106","trml15652"]},"trml2d2340ac":{"name":"使用描述檔","children":["trmlbe278009","trml5856b1f2","trmlb20c7888","trml107","trml20912","trml15233","trml4299c696"]}},"birdseed_version":5,"toc":["trml11412","trml2a13d2ad","trml2d2340ac","trml6dee242c","trmlshtcts"],"locale":"zh-tw","version":"10.12","enable_tracking":false,"source_schema":"apd-schema","platform":"mac","build_date":"2016.05.27-16:32:10","landing":"trml35501","product":"terminal","urls":{},"copyright":"","show_previous_next":false,"topics":{"apd53500956-7C5B-496B-A362-2845F2AAB4BC":{"name":"關於 shell 工序指令","searchName":"關於 shell 工序指令"},"trmlbe278009":{"name":"製作和管理描述檔"},"apdA3571AFE-48E3-4B52-BEC9-5D80327F2063":{"name":"管理韌體 NVRAM 變數"},"apd7D247A89-3560-4C3B-A471-3E66FF607040":{"name":"重新啟動電腦"},"trml15233":{"name":"限制區段中保留的橫列數量","searchName":"修改「終端機」視窗中文字保留的數目"},"trml35501":{"name":"「終端機」輔助說明","href":"trml35501.html","categories":["landing"]},"apd5265185D-F365-44CB-8B09-71A064A42125":{"name":"取用 shell","searchName":"使用「終端機」App 來取用 shell"},"trmlb20c7888":{"name":"打開視窗和標籤頁","searchName":"打開終端機視窗和標籤頁"},"trml15226":{"name":"更改游標","searchName":"在「終端機」中更改游標"},"apdB66B5242-0D18-49FC-9C47-A2498B7C91D5":{"name":"執行指令和執行工具"},"trml6909054d":{"name":"在「終端機」視窗中輸入密碼","searchName":"在「終端機」中輸入密碼"},"trml4299c696":{"name":"輸入和輸出描述檔","searchName":"輸入和輸出「終端機」設定"},"trmlc69728a5":{"name":"允許滑鼠回報","searchName":"在「終端機」中啟用滑鼠回報"},"trmlkbrd":{"name":"「鍵盤」偏好設定","searchName":"終端機中「描述檔」偏好設定的「鍵盤」面板"},"trml20912":{"name":"設定音訊或視覺提示","searchName":"在「終端機」中設定音訊或視覺提示"},"trml15228":{"name":"更改終端機視窗中顯示的標題"},"apdBC6514EB-E106-4415-94E6-E71192085BC5":{"name":"檢視檔案內容"},"apd1DBE647B-7E11-49DC-AA76-89AA7E53CE36":{"name":"轉址輸入和輸出"},"trml5856b1f2":{"name":"指定預設和啟動描述檔"},"trml135fbc26":{"name":"使用標記和書籤"},"apd8A205299-1C4C-4845-902A-6190E132B006":{"name":"搜尋檔案中的文字"},"trml11412":{"name":"終端機概覽"},"trmld1f46097":{"name":"顯示或隱藏替用螢幕"},"trmlshll":{"name":"Shell 偏好設定","searchName":"終端機中「描述檔」偏好設定的 Shell 面板"},"trmlwindw":{"name":"「視窗」偏好設定","searchName":"終端機中「描述檔」偏好設定的「視窗」面板"},"trmltxt":{"name":"文字偏好設定","searchName":"終端機中「描述檔」偏好設定的「文字」面板"},"apdA49A1BB2-577E-4721-8F25-FFC0836F6997":{"name":"編輯屬性列表"},"trml103":{"name":"顯示高位元字元","searchName":"在「終端機」中顯示高位元字元"},"apdC6C1077B-5D5D-4D35-9C19-60F2397B2369":{"name":"使用 launchd 進行工序指令管理"},"trml104":{"name":"輸出描述檔設定","searchName":"輸出「終端機」設定"},"apd382CC5FA-4F58-4449-B20A-41C53C006F8F":{"name":"使用環境變數"},"trml106":{"name":"將檔案拖入終端機來指定路徑"},"trml113":{"name":"更改預設 shell","searchName":"在「終端機」中更改預設 shell"},"trml107":{"name":"更改「終端機」視窗的外觀"},"trmlstrtup":{"name":"一般偏好設定","searchName":"「終端機」中的「一般」偏好設定"},"trml108":{"name":"製作自定的功能鍵","searchName":"在「終端機」中製作自定功能鍵"},"trml109":{"name":"防止多餘的鍵盤輸入偵測動作","searchName":"防止「終端機」中多餘的鍵盤輸入偵測動作"},"apdD556274B-9CC9-4764-BBA8-87610A745747":{"name":"於特定時間執行 shell 工序指令"},"trmlshtcts":{"name":"鍵盤快速鍵","searchName":"終端機鍵盤快速鍵"},"apd5B0B6259-A7D4-4435-947D-0DFF528912BA":{"name":"需要 root 或管理者權限的指令"},"trml11512":{"name":"編輯先前使用過的指令","searchName":"在「終端機」中編輯最近使用過的指令"},"apd3CF6FE02-3EC8-48F1-951F-866E52955FC8":{"name":"指定檔案和檔案夾"},"trml1001":{"name":"修正輸入錯誤","searchName":"在「終端機」中修正輸入錯誤"},"trml11513":{"name":"從終端機執行 AppleScript 工序指令"},"apdDFB31307-3E90-432F-8AA7-7CBC05DB27F7":{"name":"移動和拷貝檔案"},"trml15652":{"name":"使用視窗群組","searchName":"自動打開「終端機」視窗群組"},"trml1003":{"name":"使用 AppleScript 來自動執行任務"},"trmladvn":{"name":"進階偏好設定","searchName":"「終端機」中「描述檔」偏好設定的「進階」面板"},"trml35615":{"name":"如果「終端機」在您輸入時發出嗶聲"},"apd0445A31B-28D0-4AD2-BC19-ABF64F36446B":{"name":"更改遠端電腦的啟動磁碟"},"trml1020":{"name":"使用 OS X 輔助使用功能"},"trmlencd":{"name":"「編碼」偏好設定","searchName":"「終端機」中的「編碼」偏好設定"},"apdB02F1133-25AF-4C65-8976-159609F99817":{"name":"指令行文字編輯器","searchName":"OS X Server 的指令行文字編輯器"},"apd9369B225-34E9-41B4-BC23-53C44B01BC07":{"name":"將電腦關機"},"apdD100908F-06B3-4E63-8A87-32E71241BAB4":{"name":"製作檔案的執行檔"},"trmlwrkspc":{"name":"「視窗群組」偏好設定","searchName":"「終端機」中的「視窗群組」偏好設定"},"trml15220":{"name":"啟用國際設定字元編碼","searchName":"在「終端機」中啟用國際設定字元編碼"},"trml1031":{"name":"建立「終端機」視窗中的標籤頁"},"trml1018":{"name":"連接伺服器","searchName":"在「終端機」中連接伺服器"},"trml1032":{"name":"啟用國際設定字元編碼","searchName":"在「終端機」中啟用國際設定字元編碼"},"trml1019":{"name":"將文字拷貝到「終端機」視窗"},"apdFB88006C-67FB-4982-965E-2E1AF25CD739":{"name":"關於以互動方式使用指令行"},"trml1034":{"name":"輸入設定檔案","searchName":"輸入「終端機」設定檔案"},"agi":{"name":"使用終端機快速鍵","searchName":"在 OS X 中使用「終端機」快速鍵"},"trmltab":{"name":"「標籤頁」偏好設定","searchName":"終端機中「描述檔」偏好設定的「標籤頁」面板"},"apdC52250EE-4659-4751-9A3A-8B7988150530":{"name":"壓縮檔案封存檔和解壓縮"}},"copyright_text":"Copyright © 2016 Apple Inc.保留一切權利。"}